{"stats":{"minecraft:crafted":{"minecraft:oak_planks":12,"minecraft:cooked_chicken":1,"minecraft:bone_meal":3,"minecraft:cooked_mutton":1,"minecraft:oak_trapdoor":4,"minecraft:iron_bars":16,"minecraft:iron_boots":1,"minecraft:stone_pickaxe":1,"minecraft:chest":1,"minecraft:cooked_rabbit":1,"minecraft:cooked_porkchop":24,"minecraft:crafting_table":2,"minecraft:iron_helmet":1,"minecraft:wooden_pickaxe":1,"minecraft:iron_sword":1,"minecraft:bucket":1,"minecraft:stone_axe":3,"byg:palm_planks":20,"minecraft:book":1,"minecraft:paper":3,"minecraft:iron_chestplate":1,"minecraft:shield":1,"minecraft:stick":32,"minecraft:iron_pickaxe":4,"minecraft:iron_ingot":40,"minecraft:wooden_axe":1,"minecraft:iron_leggings":1,"minecraft:torch":32,"securitycraft:sc_manual":1},"minecraft:picked_up":{"minecraft:wooden_axe":1,"minecraft:charcoal":2,"minecraft:iron_chestplate":1,"minecraft:crafting_table":11,"byg:soapstone":11,"minecraft:chicken":5,"byg:lush_dirt":1,"byg:tall_pink_allium":3,"minecraft:wooden_pickaxe":3,"minecraft:brewing_stand":1,"minecraft:golden_sword":1,"minecraft:shield":1,"minecraft:oak_trapdoor":1,"minecraft:red_bed":8,"minecraft:string":8,"byg:horseweed":2,"minecraft:iron_leggings":1,"minecraft:white_carpet":8,"minecraft:cobbled_deepslate":588,"byg:pink_allium_flower_bush":1,"minecraft:iron_nugget":40,"minecraft:iron_pickaxe":1,"minecraft:light_gray_wool":1,"minecraft:chest":2,"minecraft:sugar_cane":7,"minecraft:egg":1,"minecraft:furnace":12,"minecraft:stick":2,"minecraft:raw_iron":51,"minecraft:oak_fence":2,"minecraft:torch":4,"minecraft:porkchop":46,"minecraft:golden_axe":2,"minecraft:pointed_dripstone":8,"minecraft:diorite":3,"minecraft:redstone":9,"minecraft:cauldron":1,"byg:biomepedia":3,"minecraft:arrow":11,"minecraft:rotten_flesh":12,"byg:palm_log":151,"minecraft:rail":1,"minecraft:snowball":166,"minecraft:obsidian":2,"byg:rocky_stone":15,"minecraft:cobblestone":183,"minecraft:feather":3,"minecraft:glow_ink_sac":1,"minecraft:andesite":52,"minecraft:leather":2,"minecraft:tuff":13,"minecraft:oak_log":3,"byg:white_anemone":1,"minecraft:lapis_lazuli":30,"byg:magenta_amaranth":1,"minecraft:dirt":102,"minecraft:white_banner":1,"byg:cyan_amaranth":1,"minecraft:bone":2,"minecraft:wheat_seeds":4,"byg:blueberries":41,"minecraft:raw_gold":18,"minecraft:rabbit_hide":1,"minecraft:iron_ingot":4,"minecraft:cooked_chicken":4,"minecraft:rabbit":3,"byg:white_mushroom_stem":1,"minecraft:oak_planks":38,"byg:rose":1,"minecraft:cooked_porkchop":2,"minecraft:sweet_berries":21,"minecraft:sand":7,"minecraft:white_bed":5,"byg:palm_planks":29,"minecraft:sugar":1,"minecraft:diamond":9,"minecraft:stone_axe":3,"byg:tall_allium":1,"minecraft:iron_helmet":1,"minecraft:granite":5,"minecraft:bone_meal":2,"minecraft:rooted_dirt":1,"minecraft:oak_sapling":1,"minecraft:oak_leaves":1,"minecraft:coal":83,"minecraft:sunflower":4},"minecraft:killed_by":{"minecraft:stray":1,"minecraft:creeper":1},"minecraft:mined":{"minecraft:tuff":10,"byg:clover_patch":3,"minecraft:white_bed":2,"minecraft:deepslate_diamond_ore":9,"minecraft:brewing_stand":1,"byg:pink_allium_flower_bush":2,"minecraft:granite":3,"minecraft:grass_block":7,"byg:flower_patch":1,"minecraft:spruce_leaves":2,"minecraft:oak_trapdoor":1,"minecraft:furnace":8,"minecraft:iron_ore":51,"minecraft:cobbled_deepslate":2,"minecraft:andesite":26,"byg:prairie_grass":2,"minecraft:pumpkin":3,"minecraft:deepslate_iron_ore":1,"minecraft:pointed_dripstone":2,"byg:white_mushroom_stem":3,"minecraft:vine":2,"minecraft:water_cauldron":1,"byg:rocky_stone":1,"minecraft:stone":167,"byg:white_puffball":1,"byg:magenta_tulip":1,"minecraft:tripwire":1,"byg:tall_prairie_grass":3,"minecraft:deepslate_redstone_ore":2,"minecraft:red_bed":8,"minecraft:infested_stone_bricks":1,"minecraft:crafting_table":8,"minecraft:torch":3,"minecraft:chest":2,"minecraft:cobblestone":14,"minecraft:deepslate_gold_ore":18,"minecraft:lapis_ore":5,"minecraft:sugar_cane":6,"minecraft:diorite":1,"byg:shelf_fungi":1,"byg:lush_grass_block":1,"minecraft:seagrass":1,"byg:pink_anemone":1,"byg:soapstone":6,"byg:cyan_amaranth":1,"byg:palm_log":42,"byg:horseweed":1,"minecraft:white_carpet":8,"byg:leaf_pile":1,"minecraft:grass":22,"minecraft:oak_log":3,"minecraft:coal_ore":22,"minecraft:gravel":1,"byg:rose":1,"minecraft:dirt":13,"minecraft:sand":7,"byg:blueberry_bush":4,"byg:tall_pink_allium":2,"byg:tall_allium":1,"minecraft:deepslate":630,"minecraft:oak_leaves":11,"minecraft:fern":1},"minecraft:killed":{"minecraft:cave_spider":1,"minecraft:witch":1,"minecraft:spider":2,"minecraft:skeleton":9,"minecraft:chicken":5,"minecraft:pig":7,"minecraft:rabbit":1,"minecraft:pillager":4,"minecraft:zombie":11},"minecraft:broken":{"minecraft:wooden_pickaxe":1,"minecraft:stone_pickaxe":1,"minecraft:stone_axe":2,"minecraft:iron_pickaxe":3,"minecraft:wooden_axe":1},"minecraft:custom":{"minecraft:mob_kills":38,"minecraft:interact_with_crafting_table":42,"minecraft:leave_game":2,"minecraft:time_since_death":180324,"minecraft:climb_one_cm":2693,"minecraft:sprint_one_cm":655371,"minecraft:walk_one_cm":495566,"minecraft:damage_blocked_by_shield":1170,"minecraft:drop":38,"minecraft:play_time":202497,"minecraft:deaths":2,"minecraft:sneak_time":7472,"minecraft:walk_under_water_one_cm":2943,"minecraft:jump":2819,"minecraft:interact_with_brewingstand":1,"minecraft:walk_on_water_one_cm":17652,"minecraft:total_world_time":202497,"minecraft:interact_with_furnace":40,"minecraft:sleep_in_bed":9,"minecraft:time_since_rest":29680,"minecraft:damage_taken":3470,"minecraft:damage_absorbed":80,"minecraft:damage_dealt":6311,"minecraft:swim_one_cm":47014,"minecraft:fly_one_cm":387790,"minecraft:player_kills":2,"minecraft:open_chest":11,"minecraft:crouch_one_cm":18071,"minecraft:fall_one_cm":55246},"minecraft:dropped":{"byg:biomepedia":1,"minecraft:wheat_seeds":2,"minecraft:crafting_table":2,"minecraft:iron_helmet":1,"minecraft:golden_axe":1,"minecraft:stick":2,"minecraft:wooden_axe":1,"minecraft:iron_leggings":1,"minecraft:bone_meal":2,"minecraft:iron_pickaxe":1,"minecraft:furnace":1,"minecraft:iron_nugget":40,"minecraft:raw_iron":16,"byg:rose":1,"minecraft:rotten_flesh":2,"minecraft:white_bed":1,"byg:rocky_stone":13,"minecraft:iron_chestplate":1,"minecraft:golden_sword":1,"byg:tall_pink_allium":1,"minecraft:wooden_pickaxe":1},"minecraft:used":{"minecraft:oak_trapdoor":4,"minecraft:oak_fence":2,"minecraft:chest":2,"minecraft:shield":26,"minecraft:iron_sword":84,"minecraft:cooked_chicken":5,"minecraft:rotten_flesh":2,"minecraft:iron_chestplate":2,"minecraft:torch":72,"minecraft:dirt":59,"minecraft:white_carpet":8,"minecraft:tuff":3,"minecraft:granite":3,"byg:magenta_amaranth":1,"minecraft:snowball":83,"byg:white_anemone":1,"minecraft:wooden_axe":40,"minecraft:rooted_dirt":1,"minecraft:iron_helmet":2,"minecraft:iron_boots":1,"minecraft:light_gray_wool":1,"minecraft:sweet_berries":36,"minecraft:furnace":10,"minecraft:oak_sapling":1,"minecraft:cobbled_deepslate":44,"minecraft:egg":1,"minecraft:pointed_dripstone":4,"minecraft:iron_leggings":2,"minecraft:golden_axe":5,"minecraft:cooked_mutton":1,"minecraft:water_bucket":1,"byg:pink_allium_flower_bush":1,"minecraft:diorite":1,"minecraft:rabbit":2,"minecraft:stone_pickaxe":125,"minecraft:oak_planks":4,"minecraft:wooden_pickaxe":59,"byg:white_mushroom_stem":1,"minecraft:sugar_cane":4,"byg:rocky_stone":2,"minecraft:oak_leaves":1,"minecraft:golden_apple":2,"byg:horseweed":1,"minecraft:sand":7,"minecraft:crafting_table":8,"minecraft:red_bed":8,"minecraft:white_bed":4,"byg:tall_pink_allium":2,"minecraft:apple":2,"byg:blueberries":80,"minecraft:sunflower":3,"minecraft:iron_pickaxe":812,"minecraft:string":4,"byg:tall_allium":1,"byg:soapstone":1,"minecraft:stone_axe":253,"minecraft:fire_charge":1,"minecraft:cobblestone":112,"minecraft:cooked_porkchop":26,"minecraft:bucket":1,"byg:cyan_amaranth":1,"minecraft:cooked_rabbit":1,"minecraft:andesite":2,"minecraft:bone_meal":3,"minecraft:splash_potion":1,"minecraft:experience_bottle":1}},"DataVersion":3337}