{"stats":{"minecraft:crafted":{"byg:palm_planks":4,"minecraft:crafting_table":1},"minecraft:picked_up":{"minecraft:sand":6,"byg:palm_log":9},"minecraft:mined":{"byg:palm_log":9,"minecraft:sand":6},"minecraft:custom":{"minecraft:jump":39,"minecraft:time_since_rest":5661,"minecraft:damage_dealt":87,"minecraft:crouch_one_cm":564,"minecraft:sprint_one_cm":3691,"minecraft:play_time":5661,"minecraft:damage_taken":10,"minecraft:time_since_death":5661,"minecraft:walk_one_cm":8789,"minecraft:sneak_time":485,"minecraft:total_world_time":5661,"minecraft:fly_one_cm":1237},"minecraft:used":{"minecraft:crafting_table":1}},"DataVersion":3337}