{"stats":{"minecraft:crafted":{"minecraft:cooked_porkchop":6,"minecraft:crafting_table":1,"minecraft:cooked_chicken":1,"minecraft:wooden_pickaxe":1,"minecraft:stone_axe":2,"minecraft:cooked_mutton":1,"byg:palm_planks":20,"minecraft:stick":12,"minecraft:stone_pickaxe":1,"minecraft:wooden_axe":1,"minecraft:cooked_rabbit":1},"minecraft:picked_up":{"minecraft:wooden_axe":1,"minecraft:charcoal":2,"minecraft:crafting_table":5,"byg:soapstone":1,"minecraft:feather":3,"byg:lush_dirt":1,"minecraft:chicken":5,"byg:tall_pink_allium":3,"minecraft:wooden_pickaxe":3,"minecraft:oak_log":3,"minecraft:brewing_stand":1,"byg:white_anemone":1,"minecraft:golden_sword":1,"minecraft:shield":1,"minecraft:dirt":79,"minecraft:string":6,"minecraft:red_bed":3,"minecraft:white_carpet":8,"minecraft:wheat_seeds":4,"byg:blueberries":30,"minecraft:rabbit_hide":1,"byg:pink_allium_flower_bush":1,"minecraft:cooked_chicken":4,"minecraft:iron_nugget":40,"minecraft:rabbit":3,"minecraft:sugar_cane":2,"minecraft:chest":1,"minecraft:oak_planks":37,"byg:rose":1,"minecraft:furnace":8,"minecraft:sweet_berries":14,"minecraft:porkchop":35,"minecraft:sand":7,"minecraft:golden_axe":2,"minecraft:white_bed":2,"byg:palm_planks":29,"minecraft:cauldron":1,"byg:biomepedia":3,"minecraft:rotten_flesh":3,"byg:tall_allium":1,"minecraft:stone_axe":2,"byg:palm_log":151,"minecraft:coal":5,"minecraft:oak_sapling":1,"minecraft:obsidian":2,"minecraft:snowball":166,"byg:rocky_stone":15,"minecraft:cobblestone":65,"minecraft:sunflower":3},"minecraft:killed_by":{"minecraft:stray":1,"minecraft:creeper":1},"minecraft:mined":{"byg:clover_patch":3,"minecraft:white_bed":1,"minecraft:red_bed":4,"minecraft:infested_stone_bricks":1,"byg:pink_allium_flower_bush":2,"minecraft:brewing_stand":1,"minecraft:crafting_table":5,"minecraft:grass_block":7,"minecraft:chest":1,"byg:flower_patch":1,"minecraft:spruce_leaves":2,"minecraft:sugar_cane":1,"byg:shelf_fungi":1,"byg:lush_grass_block":1,"byg:pink_anemone":1,"byg:soapstone":1,"minecraft:furnace":5,"byg:palm_log":42,"minecraft:white_carpet":8,"byg:prairie_grass":2,"minecraft:pumpkin":3,"minecraft:grass":11,"minecraft:coal_ore":3,"minecraft:oak_log":3,"minecraft:water_cauldron":1,"byg:tall_pink_allium":2,"byg:rose":1,"minecraft:sand":7,"minecraft:dirt":12,"byg:blueberry_bush":4,"byg:rocky_stone":1,"byg:tall_allium":1,"minecraft:tripwire":1,"minecraft:stone":66,"minecraft:oak_leaves":10,"byg:magenta_tulip":1,"minecraft:fern":1,"byg:tall_prairie_grass":3},"minecraft:killed":{"minecraft:pig":7,"minecraft:rabbit":1,"minecraft:spider":2,"minecraft:zombie":5,"minecraft:chicken":5},"minecraft:broken":{"minecraft:stone_axe":1,"minecraft:wooden_pickaxe":1},"minecraft:custom":{"minecraft:interact_with_furnace":17,"minecraft:mob_kills":17,"minecraft:interact_with_crafting_table":12,"minecraft:leave_game":1,"minecraft:time_since_death":43126,"minecraft:sleep_in_bed":3,"minecraft:climb_one_cm":2155,"minecraft:time_since_rest":4066,"minecraft:sprint_one_cm":193958,"minecraft:damage_taken":806,"minecraft:walk_one_cm":142514,"minecraft:drop":14,"minecraft:damage_dealt":1930,"minecraft:swim_one_cm":7335,"minecraft:fly_one_cm":225021,"minecraft:player_kills":1,"minecraft:open_chest":3,"minecraft:crouch_one_cm":1075,"minecraft:play_time":65299,"minecraft:deaths":2,"minecraft:sneak_time":878,"minecraft:walk_under_water_one_cm":503,"minecraft:jump":1182,"minecraft:interact_with_brewingstand":1,"minecraft:walk_on_water_one_cm":4900,"minecraft:total_world_time":65299,"minecraft:fall_one_cm":21386},"minecraft:dropped":{"byg:biomepedia":1,"minecraft:wheat_seeds":2,"minecraft:iron_nugget":40,"byg:rose":1,"minecraft:golden_axe":1,"minecraft:rotten_flesh":2,"minecraft:white_bed":1,"minecraft:stick":2,"byg:rocky_stone":13,"minecraft:wooden_axe":1,"minecraft:golden_sword":1,"byg:tall_pink_allium":1,"minecraft:wooden_pickaxe":1},"minecraft:used":{"minecraft:cooked_mutton":1,"byg:pink_allium_flower_bush":1,"minecraft:rabbit":2,"minecraft:stone_pickaxe":26,"minecraft:oak_planks":4,"minecraft:wooden_pickaxe":59,"byg:rocky_stone":2,"minecraft:cooked_chicken":5,"minecraft:rotten_flesh":1,"minecraft:dirt":36,"minecraft:sand":7,"minecraft:white_carpet":8,"minecraft:crafting_table":3,"minecraft:red_bed":2,"minecraft:white_bed":1,"byg:tall_pink_allium":2,"minecraft:snowball":83,"byg:white_anemone":1,"minecraft:wooden_axe":30,"byg:blueberries":4,"minecraft:sunflower":3,"byg:tall_allium":1,"minecraft:string":4,"byg:soapstone":1,"minecraft:stone_axe":143,"minecraft:fire_charge":1,"minecraft:oak_sapling":1,"minecraft:furnace":6,"minecraft:cooked_rabbit":1,"minecraft:golden_axe":3}},"DataVersion":3337}