{"stats":{"minecraft:crafted":{"minecraft:crafting_table":1,"minecraft:wooden_pickaxe":1,"minecraft:stone_axe":1,"byg:palm_planks":20,"minecraft:stick":4,"minecraft:cooked_rabbit":1},"minecraft:picked_up":{"minecraft:wooden_axe":1,"minecraft:crafting_table":3,"minecraft:feather":3,"minecraft:chicken":5,"minecraft:wooden_pickaxe":3,"minecraft:brewing_stand":1,"minecraft:golden_sword":1,"minecraft:shield":1,"minecraft:dirt":78,"minecraft:string":4,"minecraft:red_bed":1,"minecraft:white_carpet":7,"minecraft:wheat_seeds":4,"byg:blueberries":19,"minecraft:rabbit_hide":1,"minecraft:cooked_chicken":4,"minecraft:iron_nugget":40,"minecraft:rabbit":3,"minecraft:sugar_cane":2,"minecraft:chest":1,"byg:rose":1,"minecraft:furnace":5,"minecraft:sweet_berries":14,"minecraft:sand":7,"byg:palm_planks":29,"minecraft:cauldron":1,"byg:biomepedia":3,"minecraft:rotten_flesh":3,"minecraft:stone_axe":2,"byg:palm_log":151,"minecraft:obsidian":2,"minecraft:snowball":166,"byg:rocky_stone":15,"minecraft:cobblestone":29},"minecraft:killed_by":{"minecraft:stray":1,"minecraft:creeper":1},"minecraft:mined":{"minecraft:red_bed":1,"minecraft:infested_stone_bricks":1,"minecraft:brewing_stand":1,"minecraft:crafting_table":3,"minecraft:grass_block":6,"minecraft:chest":1,"byg:flower_patch":1,"minecraft:spruce_leaves":2,"minecraft:sugar_cane":1,"minecraft:furnace":3,"byg:palm_log":42,"minecraft:white_carpet":7,"minecraft:grass":2,"minecraft:water_cauldron":1,"byg:rose":1,"minecraft:sand":7,"minecraft:dirt":12,"byg:blueberry_bush":1,"byg:rocky_stone":1,"minecraft:stone":30,"byg:magenta_tulip":1,"minecraft:fern":1},"minecraft:killed":{"minecraft:rabbit":1,"minecraft:spider":1,"minecraft:zombie":4,"minecraft:chicken":5},"minecraft:custom":{"minecraft:interact_with_furnace":6,"minecraft:mob_kills":10,"minecraft:interact_with_crafting_table":5,"minecraft:leave_game":1,"minecraft:time_since_death":19126,"minecraft:climb_one_cm":2155,"minecraft:time_since_rest":19153,"minecraft:sprint_one_cm":133940,"minecraft:damage_taken":716,"minecraft:walk_one_cm":85987,"minecraft:drop":8,"minecraft:damage_dealt":982,"minecraft:swim_one_cm":1136,"minecraft:fly_one_cm":159228,"minecraft:player_kills":1,"minecraft:open_chest":3,"minecraft:crouch_one_cm":925,"minecraft:play_time":41299,"minecraft:deaths":2,"minecraft:sneak_time":654,"minecraft:walk_under_water_one_cm":123,"minecraft:jump":699,"minecraft:interact_with_brewingstand":1,"minecraft:walk_on_water_one_cm":580,"minecraft:total_world_time":41299,"minecraft:fall_one_cm":11962},"minecraft:dropped":{"byg:biomepedia":1,"minecraft:iron_nugget":40,"byg:rose":1,"minecraft:rotten_flesh":2,"byg:rocky_stone":13,"minecraft:wooden_axe":1,"minecraft:golden_sword":1,"minecraft:wooden_pickaxe":1},"minecraft:used":{"minecraft:rabbit":2,"minecraft:wooden_pickaxe":38,"byg:rocky_stone":2,"minecraft:cooked_chicken":4,"minecraft:dirt":35,"minecraft:sand":7,"minecraft:crafting_table":1,"minecraft:wooden_axe":4,"minecraft:stone_axe":93,"minecraft:fire_charge":1,"minecraft:furnace":3,"minecraft:cooked_rabbit":1}},"DataVersion":3337}