{"stats":{"minecraft:crafted":{"minecraft:cooked_chicken":1,"minecraft:cooked_mutton":1,"minecraft:stone_pickaxe":1,"minecraft:cooked_rabbit":1,"minecraft:cooked_porkchop":11,"minecraft:crafting_table":1,"minecraft:wooden_pickaxe":1,"minecraft:stone_axe":2,"byg:palm_planks":20,"minecraft:stick":12,"minecraft:iron_ingot":5,"minecraft:wooden_axe":1},"minecraft:picked_up":{"minecraft:wooden_axe":1,"minecraft:charcoal":2,"minecraft:crafting_table":5,"byg:soapstone":1,"minecraft:chicken":5,"byg:lush_dirt":1,"byg:tall_pink_allium":3,"minecraft:wooden_pickaxe":3,"minecraft:brewing_stand":1,"minecraft:golden_sword":1,"minecraft:shield":1,"minecraft:red_bed":4,"minecraft:string":6,"byg:horseweed":2,"minecraft:white_carpet":8,"byg:pink_allium_flower_bush":1,"minecraft:iron_nugget":40,"minecraft:light_gray_wool":1,"minecraft:chest":1,"minecraft:sugar_cane":2,"minecraft:furnace":8,"minecraft:raw_iron":5,"minecraft:porkchop":35,"minecraft:golden_axe":2,"minecraft:diorite":1,"minecraft:cauldron":1,"byg:biomepedia":3,"minecraft:rotten_flesh":3,"byg:palm_log":151,"minecraft:snowball":166,"minecraft:obsidian":2,"byg:rocky_stone":15,"minecraft:cobblestone":77,"minecraft:feather":3,"minecraft:andesite":1,"minecraft:oak_log":3,"byg:white_anemone":1,"byg:magenta_amaranth":1,"minecraft:dirt":99,"byg:cyan_amaranth":1,"minecraft:wheat_seeds":4,"byg:blueberries":30,"minecraft:rabbit_hide":1,"minecraft:cooked_chicken":4,"minecraft:rabbit":3,"minecraft:oak_planks":37,"byg:rose":1,"minecraft:sweet_berries":14,"minecraft:sand":7,"minecraft:white_bed":3,"byg:palm_planks":29,"minecraft:stone_axe":2,"byg:tall_allium":1,"minecraft:granite":1,"minecraft:rooted_dirt":1,"minecraft:oak_sapling":1,"minecraft:coal":9,"minecraft:sunflower":3},"minecraft:killed_by":{"minecraft:stray":1,"minecraft:creeper":1},"minecraft:mined":{"byg:clover_patch":3,"minecraft:white_bed":1,"minecraft:brewing_stand":1,"byg:pink_allium_flower_bush":2,"minecraft:grass_block":7,"byg:flower_patch":1,"minecraft:spruce_leaves":2,"minecraft:furnace":5,"minecraft:iron_ore":6,"byg:prairie_grass":2,"minecraft:pumpkin":3,"minecraft:water_cauldron":1,"byg:rocky_stone":1,"minecraft:stone":78,"byg:white_puffball":1,"byg:magenta_tulip":1,"minecraft:tripwire":1,"byg:tall_prairie_grass":3,"minecraft:red_bed":5,"minecraft:infested_stone_bricks":1,"minecraft:crafting_table":5,"minecraft:chest":1,"minecraft:sugar_cane":1,"byg:shelf_fungi":1,"byg:lush_grass_block":1,"byg:pink_anemone":1,"byg:soapstone":1,"byg:cyan_amaranth":1,"byg:palm_log":42,"byg:horseweed":1,"minecraft:white_carpet":8,"byg:leaf_pile":1,"minecraft:grass":11,"minecraft:oak_log":3,"minecraft:coal_ore":5,"byg:rose":1,"minecraft:dirt":12,"minecraft:sand":7,"byg:blueberry_bush":4,"byg:tall_pink_allium":2,"byg:tall_allium":1,"minecraft:oak_leaves":10,"minecraft:fern":1},"minecraft:killed":{"minecraft:spider":2,"minecraft:chicken":5,"minecraft:pig":7,"minecraft:rabbit":1,"minecraft:zombie":5},"minecraft:broken":{"minecraft:wooden_pickaxe":1,"minecraft:stone_axe":1},"minecraft:custom":{"minecraft:mob_kills":17,"minecraft:interact_with_crafting_table":12,"minecraft:leave_game":2,"minecraft:time_since_death":54324,"minecraft:climb_one_cm":2155,"minecraft:sprint_one_cm":233414,"minecraft:walk_one_cm":159274,"minecraft:damage_blocked_by_shield":120,"minecraft:drop":14,"minecraft:play_time":76497,"minecraft:deaths":2,"minecraft:sneak_time":1139,"minecraft:walk_under_water_one_cm":1514,"minecraft:jump":1389,"minecraft:interact_with_brewingstand":1,"minecraft:walk_on_water_one_cm":10379,"minecraft:total_world_time":76497,"minecraft:interact_with_furnace":25,"minecraft:sleep_in_bed":4,"minecraft:time_since_rest":1478,"minecraft:damage_taken":976,"minecraft:damage_dealt":1930,"minecraft:swim_one_cm":43735,"minecraft:fly_one_cm":264211,"minecraft:player_kills":1,"minecraft:open_chest":3,"minecraft:crouch_one_cm":2055,"minecraft:fall_one_cm":27275},"minecraft:dropped":{"byg:biomepedia":1,"minecraft:wheat_seeds":2,"minecraft:golden_axe":1,"minecraft:stick":2,"minecraft:wooden_axe":1,"minecraft:iron_nugget":40,"byg:rose":1,"minecraft:rotten_flesh":2,"minecraft:white_bed":1,"byg:rocky_stone":13,"minecraft:golden_sword":1,"byg:tall_pink_allium":1,"minecraft:wooden_pickaxe":1},"minecraft:used":{"minecraft:shield":1,"minecraft:cooked_chicken":5,"minecraft:rotten_flesh":1,"minecraft:dirt":36,"minecraft:white_carpet":8,"byg:magenta_amaranth":1,"minecraft:snowball":83,"byg:white_anemone":1,"minecraft:wooden_axe":30,"minecraft:rooted_dirt":1,"minecraft:light_gray_wool":1,"minecraft:furnace":7,"minecraft:oak_sapling":1,"minecraft:golden_axe":3,"minecraft:cooked_mutton":1,"byg:pink_allium_flower_bush":1,"minecraft:rabbit":2,"minecraft:stone_pickaxe":47,"minecraft:oak_planks":4,"minecraft:wooden_pickaxe":59,"byg:rocky_stone":2,"byg:horseweed":1,"minecraft:sand":7,"minecraft:crafting_table":3,"minecraft:red_bed":4,"minecraft:white_bed":2,"byg:tall_pink_allium":2,"byg:blueberries":4,"minecraft:sunflower":3,"minecraft:string":4,"byg:tall_allium":1,"byg:soapstone":1,"minecraft:stone_axe":143,"minecraft:fire_charge":1,"minecraft:cooked_porkchop":4,"byg:cyan_amaranth":1,"minecraft:cooked_rabbit":1,"minecraft:andesite":1}},"DataVersion":3337}