{"stats":{"minecraft:crafted":{"minecraft:crafting_table":1,"minecraft:wooden_pickaxe":1,"minecraft:stone_axe":2,"minecraft:cooked_mutton":1,"byg:palm_planks":20,"minecraft:stick":12,"minecraft:stone_pickaxe":1,"minecraft:wooden_axe":1,"minecraft:cooked_rabbit":1},"minecraft:picked_up":{"minecraft:wooden_axe":1,"minecraft:crafting_table":4,"minecraft:feather":3,"byg:lush_dirt":1,"minecraft:chicken":5,"minecraft:wooden_pickaxe":3,"minecraft:oak_log":3,"minecraft:brewing_stand":1,"byg:white_anemone":1,"minecraft:golden_sword":1,"minecraft:shield":1,"minecraft:dirt":78,"minecraft:string":5,"minecraft:red_bed":2,"minecraft:white_carpet":8,"minecraft:wheat_seeds":4,"byg:blueberries":30,"minecraft:rabbit_hide":1,"minecraft:cooked_chicken":4,"minecraft:iron_nugget":40,"minecraft:rabbit":3,"minecraft:sugar_cane":2,"minecraft:chest":1,"byg:rose":1,"minecraft:furnace":6,"minecraft:sweet_berries":14,"minecraft:porkchop":15,"minecraft:sand":7,"minecraft:golden_axe":2,"minecraft:white_bed":2,"byg:palm_planks":29,"minecraft:cauldron":1,"byg:biomepedia":3,"minecraft:rotten_flesh":3,"minecraft:stone_axe":2,"byg:palm_log":151,"minecraft:coal":2,"minecraft:oak_sapling":1,"minecraft:obsidian":2,"minecraft:snowball":166,"byg:rocky_stone":15,"minecraft:cobblestone":47,"minecraft:sunflower":3},"minecraft:killed_by":{"minecraft:stray":1,"minecraft:creeper":1},"minecraft:mined":{"byg:clover_patch":3,"minecraft:white_bed":1,"minecraft:red_bed":3,"minecraft:infested_stone_bricks":1,"minecraft:brewing_stand":1,"minecraft:crafting_table":4,"minecraft:grass_block":6,"minecraft:chest":1,"byg:flower_patch":1,"minecraft:spruce_leaves":2,"minecraft:sugar_cane":1,"byg:lush_grass_block":1,"byg:pink_anemone":1,"minecraft:furnace":3,"byg:palm_log":42,"minecraft:white_carpet":8,"byg:prairie_grass":2,"minecraft:pumpkin":3,"minecraft:grass":9,"minecraft:oak_log":3,"minecraft:water_cauldron":1,"byg:rose":1,"minecraft:sand":7,"minecraft:dirt":12,"byg:blueberry_bush":1,"byg:rocky_stone":1,"minecraft:stone":48,"minecraft:oak_leaves":10,"byg:magenta_tulip":1,"minecraft:fern":1,"byg:tall_prairie_grass":3},"minecraft:killed":{"minecraft:pig":7,"minecraft:rabbit":1,"minecraft:spider":2,"minecraft:zombie":5,"minecraft:chicken":5},"minecraft:broken":{"minecraft:stone_axe":1,"minecraft:wooden_pickaxe":1},"minecraft:custom":{"minecraft:interact_with_furnace":9,"minecraft:mob_kills":17,"minecraft:interact_with_crafting_table":11,"minecraft:leave_game":1,"minecraft:time_since_death":31126,"minecraft:sleep_in_bed":2,"minecraft:climb_one_cm":2155,"minecraft:time_since_rest":8943,"minecraft:sprint_one_cm":164605,"minecraft:damage_taken":746,"minecraft:walk_one_cm":115751,"minecraft:drop":13,"minecraft:damage_dealt":1894,"minecraft:swim_one_cm":2540,"minecraft:fly_one_cm":195779,"minecraft:player_kills":1,"minecraft:open_chest":3,"minecraft:crouch_one_cm":925,"minecraft:play_time":53299,"minecraft:deaths":2,"minecraft:sneak_time":654,"minecraft:walk_under_water_one_cm":123,"minecraft:jump":962,"minecraft:interact_with_brewingstand":1,"minecraft:walk_on_water_one_cm":987,"minecraft:total_world_time":53299,"minecraft:fall_one_cm":17142},"minecraft:dropped":{"byg:biomepedia":1,"minecraft:wheat_seeds":2,"minecraft:iron_nugget":40,"byg:rose":1,"minecraft:golden_axe":1,"minecraft:rotten_flesh":2,"minecraft:white_bed":1,"minecraft:stick":2,"byg:rocky_stone":13,"minecraft:wooden_axe":1,"minecraft:golden_sword":1,"minecraft:wooden_pickaxe":1},"minecraft:used":{"minecraft:cooked_mutton":1,"minecraft:rabbit":2,"minecraft:stone_pickaxe":2,"minecraft:wooden_pickaxe":59,"byg:rocky_stone":2,"minecraft:cooked_chicken":4,"minecraft:dirt":36,"minecraft:sand":7,"minecraft:white_carpet":8,"minecraft:crafting_table":2,"minecraft:red_bed":1,"minecraft:snowball":35,"byg:white_anemone":1,"minecraft:wooden_axe":24,"minecraft:sunflower":3,"minecraft:stone_axe":141,"minecraft:fire_charge":1,"minecraft:oak_sapling":1,"minecraft:furnace":4,"minecraft:cooked_rabbit":1,"minecraft:golden_axe":3}},"DataVersion":3337}