{"stats":{"minecraft:crafted":{"minecraft:oak_planks":12,"minecraft:cooked_chicken":1,"minecraft:bone_meal":3,"minecraft:cooked_mutton":1,"minecraft:oak_trapdoor":4,"minecraft:iron_bars":16,"minecraft:iron_boots":1,"minecraft:stone_pickaxe":1,"minecraft:chest":1,"minecraft:wheat":54,"minecraft:cooked_rabbit":1,"minecraft:cooked_porkchop":24,"minecraft:crafting_table":3,"minecraft:iron_helmet":1,"minecraft:wooden_pickaxe":1,"minecraft:iron_sword":1,"minecraft:bucket":1,"minecraft:stone_axe":3,"minecraft:bread":18,"byg:palm_planks":20,"minecraft:book":1,"minecraft:paper":3,"minecraft:iron_chestplate":1,"minecraft:shield":1,"minecraft:stick":32,"minecraft:iron_pickaxe":4,"minecraft:iron_ingot":41,"minecraft:wooden_axe":1,"minecraft:iron_leggings":1,"minecraft:torch":32,"securitycraft:sc_manual":1},"minecraft:picked_up":{"minecraft:wooden_axe":1,"minecraft:cocoa_beans":6,"minecraft:charcoal":2,"minecraft:iron_chestplate":1,"minecraft:crafting_table":11,"byg:soapstone":11,"minecraft:chicken":5,"byg:lush_dirt":1,"byg:tall_pink_allium":3,"minecraft:wooden_pickaxe":3,"minecraft:brewing_stand":1,"minecraft:golden_sword":1,"minecraft:shield":1,"minecraft:oak_trapdoor":1,"minecraft:red_bed":9,"minecraft:string":8,"byg:horseweed":2,"minecraft:iron_leggings":1,"minecraft:white_carpet":8,"minecraft:cobbled_deepslate":711,"byg:pink_allium_flower_bush":1,"minecraft:melon_slice":6,"minecraft:iron_nugget":40,"minecraft:iron_pickaxe":1,"minecraft:light_gray_wool":1,"minecraft:chest":2,"minecraft:sugar_cane":9,"minecraft:egg":1,"minecraft:furnace":12,"minecraft:stick":2,"minecraft:raw_iron":51,"minecraft:oak_fence":2,"minecraft:torch":6,"minecraft:porkchop":46,"minecraft:golden_axe":2,"minecraft:pointed_dripstone":8,"minecraft:diorite":3,"minecraft:redstone":9,"minecraft:cauldron":2,"byg:biomepedia":3,"minecraft:arrow":11,"minecraft:rotten_flesh":12,"minecraft:hay_block":6,"byg:palm_log":151,"minecraft:rail":1,"minecraft:snowball":166,"minecraft:obsidian":2,"byg:rocky_stone":15,"minecraft:cobblestone":183,"minecraft:feather":3,"minecraft:glow_ink_sac":1,"minecraft:andesite":52,"minecraft:leather":2,"minecraft:tuff":13,"minecraft:oak_log":3,"byg:white_anemone":1,"minecraft:lapis_lazuli":30,"byg:magenta_amaranth":1,"minecraft:dirt":105,"minecraft:white_banner":1,"byg:cyan_amaranth":1,"minecraft:bone":2,"minecraft:wheat_seeds":4,"byg:blueberries":45,"minecraft:raw_gold":18,"minecraft:rabbit_hide":1,"minecraft:iron_ingot":4,"minecraft:cooked_chicken":4,"minecraft:rabbit":3,"minecraft:bamboo":2,"byg:white_mushroom_stem":1,"minecraft:oak_planks":38,"byg:rose":1,"minecraft:cooked_porkchop":2,"minecraft:sweet_berries":24,"minecraft:sand":7,"minecraft:white_bed":5,"byg:palm_planks":29,"minecraft:sugar":1,"minecraft:diamond":9,"minecraft:stone_axe":3,"byg:tall_allium":1,"minecraft:iron_helmet":1,"minecraft:granite":5,"minecraft:bone_meal":2,"minecraft:rooted_dirt":1,"minecraft:oak_sapling":1,"minecraft:oak_leaves":1,"minecraft:coal":84,"minecraft:sunflower":4},"minecraft:killed_by":{"minecraft:stray":1,"minecraft:creeper":1},"minecraft:mined":{"minecraft:tuff":10,"byg:clover_patch":3,"minecraft:white_bed":2,"minecraft:deepslate_diamond_ore":9,"minecraft:jungle_leaves":4,"minecraft:brewing_stand":1,"byg:pink_allium_flower_bush":2,"minecraft:granite":3,"minecraft:grass_block":9,"byg:flower_patch":1,"minecraft:spruce_leaves":2,"minecraft:hay_block":6,"minecraft:oak_trapdoor":1,"minecraft:furnace":8,"minecraft:iron_ore":51,"minecraft:cobbled_deepslate":5,"minecraft:andesite":26,"byg:prairie_grass":2,"minecraft:pumpkin":3,"minecraft:deepslate_iron_ore":1,"minecraft:pointed_dripstone":2,"byg:white_mushroom_stem":3,"minecraft:vine":4,"minecraft:water_cauldron":1,"byg:rocky_stone":1,"minecraft:stone":167,"byg:white_puffball":1,"byg:magenta_tulip":1,"minecraft:tripwire":1,"byg:tall_prairie_grass":3,"minecraft:deepslate_redstone_ore":2,"minecraft:red_bed":9,"minecraft:infested_stone_bricks":1,"minecraft:crafting_table":8,"minecraft:torch":4,"minecraft:melon":2,"minecraft:chest":2,"minecraft:tall_grass":1,"minecraft:cobblestone":14,"minecraft:deepslate_gold_ore":18,"minecraft:lapis_ore":5,"minecraft:sugar_cane":7,"minecraft:diorite":1,"byg:shelf_fungi":1,"minecraft:wall_torch":1,"byg:lush_grass_block":1,"minecraft:seagrass":1,"byg:pink_anemone":1,"byg:soapstone":6,"byg:cyan_amaranth":1,"byg:palm_log":42,"minecraft:sweet_berry_bush":1,"byg:horseweed":1,"minecraft:white_carpet":8,"byg:leaf_pile":1,"minecraft:grass":28,"minecraft:oak_log":3,"minecraft:coal_ore":22,"minecraft:cocoa":1,"minecraft:gravel":1,"byg:rose":1,"minecraft:dirt":15,"minecraft:sand":7,"byg:blueberry_bush":7,"byg:tall_pink_allium":2,"byg:tall_allium":1,"minecraft:deepslate":688,"minecraft:oak_leaves":18,"minecraft:fern":2},"minecraft:killed":{"minecraft:cave_spider":1,"minecraft:witch":1,"minecraft:spider":2,"minecraft:skeleton":9,"minecraft:chicken":5,"minecraft:pig":7,"minecraft:rabbit":1,"minecraft:pillager":4,"minecraft:zombie":11},"minecraft:broken":{"minecraft:wooden_pickaxe":1,"minecraft:stone_pickaxe":1,"minecraft:stone_axe":2,"minecraft:iron_pickaxe":3,"minecraft:wooden_axe":1},"minecraft:custom":{"minecraft:mob_kills":38,"minecraft:interact_with_crafting_table":46,"minecraft:leave_game":2,"minecraft:time_since_death":204324,"minecraft:climb_one_cm":6988,"minecraft:sprint_one_cm":726133,"minecraft:walk_one_cm":538745,"minecraft:damage_blocked_by_shield":1230,"minecraft:drop":59,"minecraft:play_time":226497,"minecraft:deaths":2,"minecraft:sneak_time":7609,"minecraft:walk_under_water_one_cm":3842,"minecraft:jump":3117,"minecraft:interact_with_brewingstand":1,"minecraft:walk_on_water_one_cm":21767,"minecraft:total_world_time":226497,"minecraft:interact_with_furnace":41,"minecraft:sleep_in_bed":9,"minecraft:time_since_rest":53680,"minecraft:damage_taken":3686,"minecraft:damage_absorbed":80,"minecraft:damage_dealt":6447,"minecraft:swim_one_cm":62358,"minecraft:fly_one_cm":416080,"minecraft:player_kills":2,"minecraft:open_chest":14,"minecraft:crouch_one_cm":18520,"minecraft:fall_one_cm":58855},"minecraft:dropped":{"byg:biomepedia":1,"minecraft:wheat_seeds":2,"minecraft:crafting_table":2,"minecraft:iron_helmet":1,"minecraft:golden_axe":1,"minecraft:stick":2,"minecraft:torch":1,"minecraft:wooden_axe":1,"minecraft:iron_leggings":1,"minecraft:bone_meal":2,"minecraft:iron_pickaxe":1,"minecraft:cauldron":1,"minecraft:furnace":1,"minecraft:iron_nugget":40,"minecraft:cobbled_deepslate":340,"minecraft:cocoa_beans":3,"minecraft:raw_iron":16,"byg:rose":1,"minecraft:rotten_flesh":2,"minecraft:white_bed":1,"byg:rocky_stone":13,"minecraft:iron_chestplate":1,"minecraft:golden_sword":1,"byg:tall_pink_allium":1,"minecraft:wooden_pickaxe":1},"minecraft:used":{"minecraft:oak_trapdoor":4,"minecraft:oak_fence":2,"minecraft:chest":2,"minecraft:shield":28,"minecraft:iron_sword":84,"minecraft:cooked_chicken":5,"minecraft:rotten_flesh":2,"minecraft:iron_chestplate":2,"minecraft:torch":75,"minecraft:dirt":59,"minecraft:white_carpet":8,"minecraft:tuff":3,"minecraft:granite":3,"byg:magenta_amaranth":1,"minecraft:snowball":83,"byg:white_anemone":1,"minecraft:wooden_axe":40,"minecraft:rooted_dirt":1,"minecraft:iron_helmet":2,"minecraft:iron_boots":1,"minecraft:light_gray_wool":1,"minecraft:sweet_berries":45,"minecraft:furnace":10,"minecraft:oak_sapling":1,"minecraft:cobbled_deepslate":68,"minecraft:egg":1,"minecraft:pointed_dripstone":4,"minecraft:iron_leggings":2,"minecraft:golden_axe":5,"minecraft:cooked_mutton":1,"minecraft:water_bucket":1,"byg:pink_allium_flower_bush":1,"minecraft:diorite":1,"minecraft:rabbit":2,"minecraft:stone_pickaxe":125,"minecraft:oak_planks":4,"minecraft:wooden_pickaxe":59,"byg:white_mushroom_stem":1,"minecraft:sugar_cane":4,"byg:rocky_stone":2,"minecraft:oak_leaves":1,"minecraft:golden_apple":2,"byg:horseweed":1,"minecraft:sand":7,"minecraft:crafting_table":9,"minecraft:red_bed":9,"minecraft:white_bed":4,"byg:tall_pink_allium":2,"minecraft:apple":2,"byg:blueberries":86,"minecraft:bread":2,"minecraft:melon_slice":5,"minecraft:sunflower":3,"minecraft:iron_pickaxe":884,"minecraft:string":4,"byg:tall_allium":1,"byg:soapstone":1,"minecraft:stone_axe":253,"minecraft:fire_charge":1,"minecraft:cobblestone":112,"minecraft:cooked_porkchop":26,"minecraft:bucket":1,"byg:cyan_amaranth":1,"minecraft:cooked_rabbit":1,"minecraft:andesite":2,"minecraft:bone_meal":3,"minecraft:splash_potion":1,"minecraft:experience_bottle":1}},"DataVersion":3337}