{"stats":{"minecraft:crafted":{"byg:palm_planks":20,"minecraft:stone_axe":1,"minecraft:crafting_table":1,"minecraft:stick":4,"minecraft:wooden_pickaxe":1},"minecraft:picked_up":{"minecraft:crafting_table":1,"minecraft:sand":7,"byg:palm_log":43,"byg:rocky_stone":2,"minecraft:cobblestone":29},"minecraft:mined":{"byg:palm_log":42,"minecraft:sand":7,"byg:rocky_stone":1,"minecraft:stone":30,"minecraft:crafting_table":2},"minecraft:custom":{"minecraft:open_chest":1,"minecraft:time_since_rest":17661,"minecraft:crouch_one_cm":901,"minecraft:play_time":17661,"minecraft:sprint_one_cm":21940,"minecraft:damage_taken":44,"minecraft:walk_one_cm":26346,"minecraft:sneak_time":648,"minecraft:walk_under_water_one_cm":123,"minecraft:jump":137,"minecraft:damage_dealt":87,"minecraft:walk_on_water_one_cm":580,"minecraft:time_since_death":17661,"minecraft:total_world_time":17661,"minecraft:swim_one_cm":1136,"minecraft:fall_one_cm":1254,"minecraft:interact_with_crafting_table":4,"minecraft:fly_one_cm":26323},"minecraft:used":{"minecraft:stone_axe":33,"minecraft:fire_charge":1,"minecraft:sand":7,"minecraft:crafting_table":1,"minecraft:wooden_pickaxe":31,"byg:rocky_stone":1}},"DataVersion":3337}