{"stats":{"minecraft:crafted":{"byg:palm_planks":20,"minecraft:crafting_table":1,"minecraft:stick":4,"minecraft:wooden_pickaxe":1,"minecraft:stone_axe":1,"minecraft:cooked_rabbit":1},"minecraft:picked_up":{"minecraft:wooden_axe":1,"minecraft:crafting_table":3,"minecraft:wooden_pickaxe":3,"minecraft:sand":7,"minecraft:shield":1,"minecraft:golden_sword":1,"minecraft:string":4,"byg:palm_planks":22,"minecraft:dirt":77,"byg:biomepedia":3,"minecraft:rotten_flesh":2,"minecraft:stone_axe":2,"minecraft:wheat_seeds":4,"minecraft:rabbit_hide":1,"minecraft:iron_nugget":40,"byg:palm_log":151,"minecraft:rabbit":3,"minecraft:obsidian":2,"byg:rocky_stone":15,"minecraft:snowball":166,"minecraft:cobblestone":29,"minecraft:furnace":4},"minecraft:killed_by":{"minecraft:stray":1,"minecraft:creeper":1},"minecraft:mined":{"minecraft:furnace":2,"byg:palm_log":42,"minecraft:crafting_table":3,"minecraft:grass_block":6,"minecraft:dirt":11,"minecraft:sand":7,"byg:rocky_stone":1,"minecraft:stone":30},"minecraft:killed":{"minecraft:zombie":2,"minecraft:rabbit":1,"minecraft:spider":1},"minecraft:dropped":{"byg:biomepedia":1,"minecraft:iron_nugget":40,"byg:rocky_stone":13,"minecraft:wooden_axe":1,"minecraft:golden_sword":1,"minecraft:rotten_flesh":2,"minecraft:wooden_pickaxe":1},"minecraft:custom":{"minecraft:time_since_rest":7515,"minecraft:interact_with_furnace":2,"minecraft:sprint_one_cm":65161,"minecraft:damage_taken":616,"minecraft:walk_one_cm":56646,"minecraft:mob_kills":4,"minecraft:drop":7,"minecraft:damage_dealt":609,"minecraft:player_kills":1,"minecraft:swim_one_cm":1136,"minecraft:interact_with_crafting_table":5,"minecraft:fly_one_cm":128569,"minecraft:open_chest":1,"minecraft:crouch_one_cm":901,"minecraft:play_time":29661,"minecraft:deaths":2,"minecraft:sneak_time":648,"minecraft:walk_under_water_one_cm":123,"minecraft:jump":531,"minecraft:time_since_death":7488,"minecraft:walk_on_water_one_cm":580,"minecraft:total_world_time":29661,"minecraft:fall_one_cm":8350},"minecraft:used":{"minecraft:wooden_axe":4,"minecraft:rabbit":2,"minecraft:wooden_pickaxe":33,"byg:rocky_stone":2,"minecraft:stone_axe":58,"minecraft:fire_charge":1,"minecraft:dirt":33,"minecraft:sand":7,"minecraft:crafting_table":1,"minecraft:furnace":2,"minecraft:cooked_rabbit":1}},"DataVersion":3337}