{"stats":{"minecraft:crafted":{"minecraft:wooden_sword":2,"minecraft:oak_planks":52,"minecraft:furnace":2,"minecraft:cooked_mutton":4,"minecraft:stone_pickaxe":2,"minecraft:cooked_porkchop":9,"minecraft:crafting_table":2,"minecraft:spruce_planks":20,"minecraft:baked_potato":7,"minecraft:wooden_pickaxe":2,"minecraft:iron_helmet":1,"byg:palm_planks":12,"minecraft:charcoal":1,"minecraft:shield":2,"minecraft:stick":16,"minecraft:iron_ingot":7,"minecraft:wooden_axe":1,"minecraft:stone_sword":2,"minecraft:white_bed":1,"minecraft:torch":16},"minecraft:picked_up":{"minecraft:crafting_table":12,"byg:soapstone":6,"byg:alpine_bellflower":1,"minecraft:chicken":10,"byg:lush_dirt":25,"byg:tall_pink_allium":6,"minecraft:shield":1,"minecraft:golden_sword":2,"minecraft:red_bed":2,"minecraft:string":2,"minecraft:raw_copper":32,"minecraft:wooden_sword":3,"minecraft:white_carpet":7,"minecraft:spruce_planks":4,"byg:pink_allium_flower_bush":1,"minecraft:beef":8,"minecraft:iron_nugget":80,"minecraft:sugar_cane":6,"minecraft:egg":1,"minecraft:furnace":2,"minecraft:stick":13,"minecraft:raw_iron":12,"minecraft:torch":3,"minecraft:porkchop":24,"byg:biomepedia":2,"minecraft:rotten_flesh":10,"minecraft:beetroot_seeds":1,"byg:palm_log":19,"minecraft:mutton":22,"minecraft:cobblestone":112,"minecraft:snowball":12,"byg:rocky_stone":14,"minecraft:white_wool":5,"minecraft:feather":4,"minecraft:basalt":3,"minecraft:salmon":1,"minecraft:leather":5,"minecraft:oak_log":16,"minecraft:dirt":23,"byg:blue_sand":2,"minecraft:cooked_mutton":1,"minecraft:wheat_seeds":12,"byg:blueberries":22,"minecraft:rabbit_hide":1,"minecraft:iron_ingot":2,"minecraft:rabbit":5,"minecraft:sweet_berries":11,"minecraft:spruce_log":6,"minecraft:white_bed":2,"minecraft:dark_oak_log":1,"minecraft:spider_eye":1,"minecraft:oak_sapling":1,"minecraft:coal":14,"minecraft:sunflower":2},"minecraft:killed_by":{"minecraft:player":1,"minecraft:creeper":1,"minecraft:spider":1,"minecraft:zombie":2},"minecraft:mined":{"byg:clover_patch":5,"minecraft:white_bed":3,"minecraft:dark_oak_log":1,"byg:pink_allium_flower_bush":1,"minecraft:glow_lichen":1,"minecraft:granite":1,"minecraft:grass_block":4,"byg:flower_patch":3,"minecraft:spruce_leaves":1,"minecraft:tall_seagrass":2,"minecraft:furnace":3,"minecraft:iron_ore":12,"byg:tall_beach_grass":5,"byg:prairie_grass":12,"minecraft:andesite":2,"minecraft:pumpkin":3,"byg:blue_sand":3,"byg:white_mushroom_stem":4,"minecraft:vine":1,"minecraft:dirt_path":1,"byg:white_anemone":1,"byg:rocky_stone":15,"minecraft:stone":80,"minecraft:white_wool":1,"byg:white_puffball":4,"byg:tall_prairie_grass":9,"minecraft:red_bed":1,"minecraft:basalt":3,"minecraft:crafting_table":7,"minecraft:copper_ore":10,"minecraft:sugar_cane":3,"minecraft:diorite":1,"minecraft:wall_torch":3,"byg:lush_grass_block":8,"minecraft:seagrass":2,"byg:soapstone":11,"byg:lush_dirt":15,"byg:palm_log":20,"minecraft:birch_log":4,"minecraft:sweet_berry_bush":9,"minecraft:ice":2,"minecraft:white_carpet":7,"minecraft:spruce_log":6,"byg:leaf_pile":3,"byg:alpine_bellflower":1,"minecraft:grass":119,"minecraft:oak_log":16,"minecraft:coal_ore":16,"minecraft:cocoa":2,"minecraft:sunflower":2,"byg:palm_leaves":1,"minecraft:sand":1,"minecraft:dirt":13,"byg:blueberry_bush":10,"byg:tall_pink_allium":16,"minecraft:netherrack":1,"byg:tall_allium":13,"minecraft:oak_leaves":15,"minecraft:fern":9},"minecraft:killed":{"minecraft:spider":1,"minecraft:chicken":9,"minecraft:turtle":1,"minecraft:wolf":2,"minecraft:pig":11,"minecraft:zombie_villager":1,"minecraft:salmon":1,"minecraft:rabbit":2,"minecraft:sheep":11,"minecraft:pillager":7,"minecraft:zombie":2,"minecraft:cow":6},"minecraft:broken":{"minecraft:stone_sword":1,"minecraft:stone_pickaxe":1,"minecraft:golden_sword":1},"minecraft:dropped":{"minecraft:golden_axe":1,"byg:lush_dirt":2,"byg:pink_allium_flower_bush":1,"minecraft:wooden_sword":2,"minecraft:sunflower":2,"minecraft:string":2,"byg:blue_sand":2,"minecraft:rotten_flesh":4,"minecraft:pumpkin_seeds":1,"minecraft:shield":1,"minecraft:oak_sapling":1,"minecraft:spider_eye":1,"minecraft:spruce_log":1,"byg:tall_pink_allium":6,"minecraft:egg":1},"minecraft:custom":{"minecraft:mob_kills":59,"minecraft:interact_with_crafting_table":23,"minecraft:time_since_death":5058,"minecraft:climb_one_cm":1030,"minecraft:sprint_one_cm":335291,"minecraft:walk_one_cm":229682,"minecraft:damage_blocked_by_shield":530,"minecraft:drop":22,"minecraft:play_time":101424,"minecraft:deaths":6,"minecraft:sneak_time":428,"minecraft:walk_under_water_one_cm":7486,"minecraft:jump":2604,"minecraft:walk_on_water_one_cm":18508,"minecraft:total_world_time":101424,"minecraft:interact_with_furnace":27,"minecraft:sleep_in_bed":6,"minecraft:time_since_rest":5128,"minecraft:damage_taken":3477,"minecraft:damage_dealt":6198,"minecraft:swim_one_cm":74316,"minecraft:fly_one_cm":577753,"minecraft:open_chest":6,"minecraft:crouch_one_cm":1932,"minecraft:fall_one_cm":69006},"minecraft:used":{"minecraft:stone_sword":191,"minecraft:shield":20,"minecraft:rotten_flesh":3,"minecraft:torch":19,"minecraft:dirt":13,"minecraft:carrot":9,"byg:lush_dirt":21,"minecraft:wooden_axe":7,"minecraft:iron_helmet":1,"minecraft:basalt":3,"minecraft:golden_sword":39,"minecraft:beef":3,"minecraft:sweet_berries":20,"minecraft:furnace":3,"minecraft:potato":7,"minecraft:cooked_mutton":5,"minecraft:stone_pickaxe":139,"minecraft:baked_potato":7,"minecraft:wooden_pickaxe":35,"byg:rocky_stone":1,"minecraft:salmon":1,"minecraft:white_wool":1,"minecraft:crafting_table":11,"minecraft:red_bed":2,"minecraft:crossbow":9,"minecraft:white_bed":2,"byg:blueberries":26,"minecraft:chicken":3,"minecraft:bread":7,"byg:soapstone":6,"minecraft:wooden_sword":116,"minecraft:cobblestone":53,"minecraft:cooked_porkchop":5,"minecraft:porkchop":4}},"DataVersion":3337}