{"stats":{"minecraft:crafted":{"minecraft:wooden_sword":3,"minecraft:oak_planks":76,"minecraft:dark_oak_boat":1,"minecraft:furnace":4,"minecraft:cooked_mutton":10,"minecraft:iron_boots":1,"minecraft:stone_pickaxe":4,"minecraft:spruce_boat":1,"minecraft:dark_oak_planks":16,"minecraft:wooden_shovel":1,"minecraft:cooked_porkchop":9,"minecraft:crafting_table":7,"minecraft:spruce_planks":36,"minecraft:baked_potato":7,"minecraft:wooden_pickaxe":3,"minecraft:iron_helmet":2,"minecraft:iron_sword":1,"byg:palm_planks":12,"minecraft:iron_chestplate":1,"minecraft:charcoal":1,"minecraft:shield":4,"minecraft:stick":40,"minecraft:iron_ingot":40,"minecraft:iron_pickaxe":2,"minecraft:wooden_axe":2,"minecraft:stone_sword":2,"minecraft:white_bed":2,"minecraft:acacia_planks":24,"minecraft:torch":44},"minecraft:picked_up":{"minecraft:wooden_axe":2,"minecraft:iron_chestplate":2,"minecraft:crafting_table":23,"byg:soapstone":19,"byg:alpine_bellflower":1,"minecraft:chicken":13,"byg:lush_dirt":25,"byg:foxglove":1,"byg:tall_pink_allium":6,"minecraft:diamond_sword":2,"minecraft:shield":2,"minecraft:golden_sword":2,"minecraft:red_bed":2,"minecraft:string":2,"minecraft:raw_copper":32,"minecraft:wooden_sword":6,"minecraft:white_carpet":7,"minecraft:cobbled_deepslate":40,"minecraft:spruce_planks":5,"byg:pink_allium_flower_bush":1,"minecraft:beef":8,"minecraft:iron_nugget":80,"minecraft:iron_pickaxe":4,"minecraft:sugar_cane":6,"minecraft:iron_boots":6,"minecraft:egg":1,"minecraft:furnace":13,"minecraft:stick":15,"minecraft:raw_iron":89,"minecraft:torch":19,"minecraft:acacia_log":12,"minecraft:porkchop":24,"minecraft:redstone":25,"minecraft:arrow":5,"byg:biomepedia":2,"minecraft:rotten_flesh":23,"minecraft:beetroot_seeds":1,"byg:palm_log":19,"minecraft:mutton":41,"minecraft:rail":4,"minecraft:cobblestone":160,"minecraft:snowball":12,"byg:rocky_stone":14,"minecraft:white_wool":20,"minecraft:feather":20,"minecraft:basalt":3,"minecraft:glow_ink_sac":1,"minecraft:andesite":10,"minecraft:salmon":1,"minecraft:leather":9,"minecraft:tuff":1,"minecraft:oak_log":37,"minecraft:gunpowder":4,"minecraft:lapis_lazuli":115,"minecraft:dirt":26,"byg:blue_sand":2,"minecraft:name_tag":2,"minecraft:cooked_mutton":2,"minecraft:bone":6,"minecraft:acacia_planks":72,"minecraft:wheat_seeds":15,"byg:blueberries":24,"minecraft:raw_gold":24,"minecraft:rabbit_hide":1,"minecraft:iron_ingot":7,"minecraft:rabbit":5,"minecraft:iron_sword":3,"minecraft:oak_planks":13,"minecraft:pumpkin":3,"minecraft:sweet_berries":11,"minecraft:gravel":9,"minecraft:spruce_sapling":3,"minecraft:spruce_log":10,"minecraft:white_bed":4,"minecraft:dark_oak_log":4,"minecraft:spider_eye":1,"minecraft:diamond":4,"minecraft:spruce_boat":7,"minecraft:iron_helmet":4,"minecraft:granite":2,"minecraft:gray_wool":2,"minecraft:oak_sapling":1,"minecraft:black_wool":1,"minecraft:coal":82,"minecraft:sunflower":2},"minecraft:killed_by":{"minecraft:player":2,"minecraft:creeper":2,"minecraft:spider":1,"minecraft:skeleton":2,"minecraft:zombie":3},"minecraft:mined":{"minecraft:tuff":1,"byg:clover_patch":5,"minecraft:white_bed":5,"byg:green_mushroom_block":1,"minecraft:deepslate_diamond_ore":4,"minecraft:dark_oak_log":4,"byg:pink_allium_flower_bush":1,"minecraft:glow_lichen":1,"minecraft:granite":1,"minecraft:acacia_log":6,"minecraft:grass_block":5,"byg:flower_patch":3,"minecraft:spruce_leaves":16,"minecraft:large_fern":2,"minecraft:tall_seagrass":2,"minecraft:redstone_ore":2,"minecraft:furnace":10,"minecraft:iron_ore":41,"byg:tall_beach_grass":5,"byg:prairie_grass":12,"minecraft:andesite":2,"minecraft:pumpkin":4,"minecraft:deepslate_iron_ore":24,"minecraft:rail":2,"byg:blue_sand":3,"byg:white_mushroom_stem":4,"minecraft:vine":1,"minecraft:dirt_path":1,"byg:white_anemone":1,"byg:rocky_stone":15,"minecraft:stone":110,"minecraft:white_wool":1,"byg:white_puffball":4,"byg:tall_prairie_grass":9,"minecraft:red_bed":2,"minecraft:basalt":3,"minecraft:crafting_table":15,"minecraft:torch":6,"minecraft:copper_ore":10,"minecraft:cobblestone":1,"minecraft:deepslate_gold_ore":12,"minecraft:lapis_ore":3,"minecraft:oak_planks":4,"minecraft:sugar_cane":3,"minecraft:diorite":1,"minecraft:wall_torch":9,"byg:lush_grass_block":8,"minecraft:seagrass":2,"byg:soapstone":12,"byg:lush_dirt":15,"byg:palm_log":20,"minecraft:birch_log":4,"minecraft:sweet_berry_bush":10,"minecraft:ice":2,"minecraft:white_carpet":7,"minecraft:spruce_log":10,"byg:leaf_pile":3,"byg:alpine_bellflower":1,"byg:foxglove":1,"minecraft:grass":142,"minecraft:oak_log":27,"minecraft:coal_ore":39,"minecraft:cocoa":2,"minecraft:gravel":3,"minecraft:sunflower":2,"byg:palm_leaves":1,"minecraft:sand":1,"minecraft:dirt":13,"byg:blueberry_bush":10,"byg:tall_pink_allium":16,"minecraft:netherrack":1,"byg:tall_allium":13,"minecraft:oak_leaves":15,"minecraft:deepslate":26,"minecraft:fern":10},"minecraft:killed":{"minecraft:spider":1,"minecraft:skeleton":6,"minecraft:horse":1,"minecraft:chicken":12,"minecraft:turtle":1,"minecraft:wolf":2,"minecraft:pig":12,"minecraft:zombie_villager":1,"minecraft:salmon":1,"minecraft:rabbit":2,"minecraft:sheep":20,"minecraft:pillager":7,"minecraft:zombie":13,"minecraft:cow":6},"minecraft:broken":{"minecraft:stone_sword":1,"minecraft:stone_pickaxe":1,"minecraft:golden_sword":1},"minecraft:custom":{"minecraft:mob_kills":90,"minecraft:interact_with_crafting_table":52,"minecraft:time_since_death":5967,"minecraft:climb_one_cm":1300,"minecraft:sprint_one_cm":585037,"minecraft:walk_one_cm":426461,"minecraft:damage_blocked_by_shield":1570,"minecraft:drop":24,"minecraft:play_time":173424,"minecraft:deaths":13,"minecraft:sneak_time":657,"minecraft:walk_under_water_one_cm":10343,"minecraft:boat_one_cm":142444,"minecraft:jump":4064,"minecraft:walk_on_water_one_cm":21062,"minecraft:total_world_time":173424,"minecraft:interact_with_furnace":72,"minecraft:sleep_in_bed":10,"minecraft:time_since_rest":6027,"minecraft:damage_taken":6265,"minecraft:damage_dealt":11232,"minecraft:swim_one_cm":80421,"minecraft:fly_one_cm":783581,"minecraft:open_chest":6,"minecraft:crouch_one_cm":2869,"minecraft:fall_one_cm":110576},"minecraft:dropped":{"minecraft:iron_ingot":1,"minecraft:golden_axe":1,"minecraft:leather":2,"byg:lush_dirt":2,"byg:pink_allium_flower_bush":1,"minecraft:wooden_sword":2,"minecraft:sunflower":2,"minecraft:string":2,"byg:blue_sand":2,"minecraft:rotten_flesh":4,"minecraft:pumpkin_seeds":1,"minecraft:shield":1,"minecraft:oak_sapling":1,"minecraft:spider_eye":1,"minecraft:spruce_log":1,"byg:tall_pink_allium":6,"minecraft:egg":1},"minecraft:used":{"minecraft:stone_sword":191,"minecraft:spruce_planks":1,"minecraft:shield":63,"minecraft:iron_sword":10,"minecraft:rotten_flesh":8,"minecraft:iron_chestplate":3,"minecraft:torch":59,"minecraft:dirt":13,"minecraft:mutton":7,"minecraft:carrot":9,"minecraft:tuff":1,"minecraft:granite":1,"byg:lush_dirt":21,"minecraft:spruce_boat":4,"minecraft:wooden_axe":44,"minecraft:iron_helmet":3,"minecraft:iron_boots":5,"minecraft:basalt":3,"minecraft:golden_sword":39,"minecraft:dark_oak_boat":1,"minecraft:beef":4,"minecraft:sweet_berries":20,"minecraft:furnace":10,"minecraft:cooked_beef":4,"minecraft:potato":7,"minecraft:cobbled_deepslate":17,"minecraft:iron_leggings":1,"minecraft:cooked_mutton":11,"minecraft:stone_pickaxe":209,"minecraft:baked_potato":7,"minecraft:wooden_pickaxe":48,"byg:rocky_stone":1,"minecraft:salmon":1,"minecraft:white_wool":1,"minecraft:crafting_table":21,"minecraft:red_bed":2,"minecraft:crossbow":9,"minecraft:white_bed":4,"byg:blueberries":29,"minecraft:chicken":3,"minecraft:bread":7,"minecraft:iron_pickaxe":92,"minecraft:gravel":5,"byg:soapstone":6,"minecraft:diamond_sword":29,"minecraft:wooden_sword":186,"minecraft:cobblestone":53,"minecraft:cooked_porkchop":5,"minecraft:porkchop":4}},"DataVersion":3337}