{"stats":{"minecraft:crafted":{"minecraft:wooden_sword":1,"minecraft:oak_planks":44,"minecraft:cooked_porkchop":9,"minecraft:crafting_table":1,"minecraft:spruce_planks":20,"minecraft:wooden_pickaxe":2,"minecraft:furnace":2,"minecraft:cooked_mutton":4,"byg:palm_planks":12,"minecraft:charcoal":1,"minecraft:shield":2,"minecraft:stick":12,"minecraft:iron_ingot":4,"minecraft:stone_pickaxe":1,"minecraft:wooden_axe":1,"minecraft:stone_sword":1,"minecraft:white_bed":1,"minecraft:torch":4},"minecraft:picked_up":{"byg:soapstone":6,"minecraft:crafting_table":10,"byg:alpine_bellflower":1,"minecraft:feather":1,"byg:lush_dirt":23,"minecraft:chicken":4,"minecraft:salmon":1,"byg:tall_pink_allium":6,"minecraft:oak_log":14,"minecraft:golden_sword":2,"minecraft:shield":1,"minecraft:string":2,"minecraft:dirt":23,"minecraft:red_bed":2,"minecraft:raw_copper":32,"minecraft:wooden_sword":3,"minecraft:cooked_mutton":1,"minecraft:white_carpet":7,"minecraft:wheat_seeds":9,"byg:blueberries":22,"minecraft:spruce_planks":4,"minecraft:rabbit_hide":1,"byg:pink_allium_flower_bush":1,"minecraft:iron_ingot":2,"minecraft:iron_nugget":80,"minecraft:rabbit":5,"minecraft:sugar_cane":6,"minecraft:furnace":1,"minecraft:egg":1,"minecraft:stick":9,"minecraft:sweet_berries":11,"minecraft:porkchop":23,"minecraft:white_bed":1,"minecraft:spruce_log":6,"minecraft:spider_eye":1,"minecraft:rotten_flesh":10,"byg:biomepedia":2,"byg:palm_log":19,"minecraft:oak_sapling":1,"minecraft:mutton":17,"byg:rocky_stone":14,"minecraft:snowball":12,"minecraft:white_wool":3,"minecraft:cobblestone":70,"minecraft:sunflower":2},"minecraft:killed_by":{"minecraft:player":1,"minecraft:creeper":1,"minecraft:spider":1,"minecraft:zombie":1},"minecraft:mined":{"byg:clover_patch":5,"minecraft:white_bed":1,"minecraft:red_bed":1,"byg:pink_allium_flower_bush":1,"minecraft:glow_lichen":1,"minecraft:crafting_table":5,"minecraft:grass_block":3,"byg:flower_patch":3,"minecraft:copper_ore":10,"minecraft:spruce_leaves":1,"minecraft:sugar_cane":3,"byg:lush_grass_block":8,"minecraft:seagrass":1,"minecraft:tall_seagrass":2,"byg:soapstone":6,"byg:lush_dirt":15,"minecraft:furnace":2,"byg:palm_log":20,"minecraft:sweet_berry_bush":9,"minecraft:ice":2,"minecraft:white_carpet":7,"minecraft:spruce_log":6,"byg:leaf_pile":1,"byg:prairie_grass":12,"byg:alpine_bellflower":1,"minecraft:pumpkin":3,"minecraft:grass":104,"minecraft:oak_log":14,"minecraft:dirt_path":1,"minecraft:sunflower":2,"byg:palm_leaves":1,"minecraft:dirt":13,"byg:blueberry_bush":10,"byg:white_anemone":1,"byg:tall_pink_allium":16,"byg:rocky_stone":15,"byg:tall_allium":13,"minecraft:stone":38,"minecraft:netherrack":1,"byg:white_puffball":4,"byg:tall_prairie_grass":9,"minecraft:oak_leaves":13,"minecraft:fern":5},"minecraft:killed":{"minecraft:pig":10,"minecraft:zombie_villager":1,"minecraft:salmon":1,"minecraft:rabbit":2,"minecraft:spider":1,"minecraft:sheep":8,"minecraft:zombie":1,"minecraft:chicken":3},"minecraft:dropped":{"minecraft:golden_axe":1,"minecraft:pumpkin_seeds":1,"byg:pink_allium_flower_bush":1,"minecraft:shield":1,"minecraft:sunflower":1,"minecraft:wooden_sword":2,"minecraft:spruce_log":1,"byg:tall_pink_allium":6,"minecraft:string":2},"minecraft:broken":{"minecraft:golden_sword":1},"minecraft:custom":{"minecraft:interact_with_furnace":17,"minecraft:mob_kills":30,"minecraft:interact_with_crafting_table":14,"minecraft:time_since_death":36132,"minecraft:sleep_in_bed":3,"minecraft:time_since_rest":4066,"minecraft:sprint_one_cm":203236,"minecraft:damage_taken":2228,"minecraft:walk_one_cm":142177,"minecraft:drop":15,"minecraft:damage_dealt":3211,"minecraft:swim_one_cm":12116,"minecraft:fly_one_cm":368648,"minecraft:open_chest":5,"minecraft:crouch_one_cm":1312,"minecraft:play_time":65424,"minecraft:deaths":5,"minecraft:sneak_time":270,"minecraft:walk_under_water_one_cm":2137,"minecraft:jump":1576,"minecraft:walk_on_water_one_cm":6109,"minecraft:total_world_time":65424,"minecraft:fall_one_cm":42031},"minecraft:used":{"minecraft:cooked_mutton":4,"minecraft:stone_sword":108,"minecraft:stone_pickaxe":48,"minecraft:wooden_pickaxe":35,"byg:rocky_stone":1,"minecraft:rotten_flesh":3,"minecraft:torch":4,"minecraft:dirt":13,"minecraft:crafting_table":7,"minecraft:red_bed":2,"minecraft:white_bed":1,"minecraft:wooden_axe":7,"byg:blueberries":26,"minecraft:chicken":3,"minecraft:bread":7,"byg:soapstone":6,"minecraft:golden_sword":39,"minecraft:wooden_sword":99,"minecraft:cobblestone":26,"minecraft:furnace":1,"minecraft:sweet_berries":20,"minecraft:cooked_porkchop":1}},"DataVersion":3337}