{"stats":{"minecraft:crafted":{"byg:palm_planks":12,"minecraft:furnace":1,"minecraft:crafting_table":1,"minecraft:stick":4,"minecraft:wooden_pickaxe":1,"minecraft:wooden_axe":1},"minecraft:picked_up":{"minecraft:crafting_table":2,"byg:biomepedia":1,"minecraft:rotten_flesh":2,"byg:palm_log":19,"byg:rocky_stone":14,"minecraft:snowball":12,"minecraft:dirt":1,"minecraft:cobblestone":8},"minecraft:killed_by":{"minecraft:spider":1},"minecraft:mined":{"byg:palm_log":20,"byg:palm_leaves":1,"minecraft:dirt":1,"byg:rocky_stone":15,"minecraft:ice":2,"minecraft:stone":8,"minecraft:netherrack":1,"minecraft:crafting_table":1},"minecraft:custom":{"minecraft:open_chest":1,"minecraft:time_since_rest":12061,"minecraft:crouch_one_cm":994,"minecraft:play_time":17424,"minecraft:sprint_one_cm":27522,"minecraft:walk_one_cm":28145,"minecraft:damage_taken":692,"minecraft:deaths":2,"minecraft:sneak_time":150,"minecraft:walk_under_water_one_cm":75,"minecraft:jump":235,"minecraft:damage_dealt":160,"minecraft:walk_on_water_one_cm":1850,"minecraft:time_since_death":12035,"minecraft:total_world_time":17424,"minecraft:swim_one_cm":1055,"minecraft:fly_one_cm":39864,"minecraft:interact_with_crafting_table":5,"minecraft:fall_one_cm":6593},"minecraft:used":{"minecraft:rotten_flesh":2,"minecraft:wooden_axe":7,"minecraft:crafting_table":2,"minecraft:wooden_pickaxe":29,"byg:rocky_stone":1}},"DataVersion":3337}