{"stats":{"minecraft:crafted":{"byg:palm_planks":12,"minecraft:wooden_sword":1,"minecraft:shield":2,"minecraft:crafting_table":1,"minecraft:spruce_planks":20,"minecraft:stick":8,"minecraft:iron_ingot":4,"minecraft:wooden_pickaxe":1,"minecraft:wooden_axe":1,"minecraft:furnace":1},"minecraft:picked_up":{"minecraft:crafting_table":7,"minecraft:chicken":1,"minecraft:spruce_log":6,"minecraft:golden_sword":2,"minecraft:dirt":10,"byg:biomepedia":2,"minecraft:rotten_flesh":6,"minecraft:wheat_seeds":2,"minecraft:iron_nugget":80,"byg:palm_log":19,"minecraft:rabbit":2,"minecraft:snowball":12,"byg:rocky_stone":14,"minecraft:cobblestone":41},"minecraft:killed_by":{"minecraft:player":1,"minecraft:creeper":1,"minecraft:spider":1,"minecraft:zombie":1},"minecraft:mined":{"byg:palm_log":20,"minecraft:ice":2,"minecraft:spruce_log":6,"minecraft:crafting_table":3,"minecraft:grass":11,"minecraft:grass_block":2,"byg:palm_leaves":1,"minecraft:dirt":11,"byg:rocky_stone":15,"minecraft:spruce_leaves":1,"minecraft:stone":8,"minecraft:netherrack":1,"minecraft:fern":1},"minecraft:killed":{"minecraft:zombie":1,"minecraft:chicken":1,"minecraft:rabbit":2},"minecraft:broken":{"minecraft:golden_sword":1},"minecraft:dropped":{"minecraft:shield":1,"minecraft:spruce_log":1},"minecraft:custom":{"minecraft:time_since_rest":165,"minecraft:interact_with_furnace":3,"minecraft:sprint_one_cm":71466,"minecraft:damage_taken":1392,"minecraft:walk_one_cm":56271,"minecraft:mob_kills":4,"minecraft:drop":2,"minecraft:damage_dealt":800,"minecraft:interact_with_crafting_table":8,"minecraft:swim_one_cm":1055,"minecraft:fly_one_cm":148248,"minecraft:open_chest":1,"minecraft:crouch_one_cm":1138,"minecraft:play_time":29424,"minecraft:deaths":5,"minecraft:sneak_time":216,"minecraft:walk_under_water_one_cm":75,"minecraft:jump":624,"minecraft:time_since_death":132,"minecraft:walk_on_water_one_cm":1850,"minecraft:total_world_time":29424,"minecraft:fall_one_cm":14343},"minecraft:used":{"minecraft:wooden_axe":7,"minecraft:wooden_pickaxe":29,"byg:rocky_stone":1,"minecraft:rotten_flesh":3,"minecraft:golden_sword":39,"minecraft:wooden_sword":5,"minecraft:cobblestone":24,"minecraft:crafting_table":5}},"DataVersion":3337}