{"stats":{"minecraft:crafted":{"minecraft:wooden_sword":1,"minecraft:oak_planks":44,"minecraft:cooked_porkchop":7,"minecraft:crafting_table":1,"minecraft:spruce_planks":20,"minecraft:wooden_pickaxe":2,"minecraft:furnace":1,"minecraft:cooked_mutton":4,"byg:palm_planks":12,"minecraft:shield":2,"minecraft:stick":12,"minecraft:iron_ingot":4,"minecraft:stone_pickaxe":1,"minecraft:wooden_axe":1,"minecraft:stone_sword":1,"minecraft:white_bed":1},"minecraft:picked_up":{"minecraft:crafting_table":10,"byg:alpine_bellflower":1,"minecraft:feather":1,"byg:lush_dirt":23,"minecraft:chicken":4,"minecraft:oak_log":14,"minecraft:golden_sword":2,"minecraft:shield":1,"minecraft:string":2,"minecraft:dirt":23,"minecraft:red_bed":2,"minecraft:wooden_sword":3,"minecraft:cooked_mutton":1,"minecraft:white_carpet":7,"minecraft:wheat_seeds":9,"byg:blueberries":22,"minecraft:spruce_planks":4,"minecraft:rabbit_hide":1,"minecraft:iron_ingot":2,"minecraft:iron_nugget":80,"minecraft:rabbit":5,"minecraft:sugar_cane":6,"minecraft:egg":1,"minecraft:stick":9,"minecraft:sweet_berries":11,"minecraft:porkchop":20,"minecraft:spruce_log":6,"minecraft:spider_eye":1,"minecraft:rotten_flesh":8,"byg:biomepedia":2,"byg:palm_log":19,"minecraft:oak_sapling":1,"minecraft:mutton":17,"byg:rocky_stone":14,"minecraft:snowball":12,"minecraft:white_wool":3,"minecraft:cobblestone":48,"minecraft:sunflower":1},"minecraft:killed_by":{"minecraft:player":1,"minecraft:creeper":1,"minecraft:spider":1,"minecraft:zombie":1},"minecraft:mined":{"byg:clover_patch":5,"minecraft:red_bed":1,"minecraft:crafting_table":5,"minecraft:grass_block":3,"byg:flower_patch":3,"minecraft:spruce_leaves":1,"minecraft:sugar_cane":3,"byg:lush_grass_block":8,"byg:lush_dirt":15,"minecraft:furnace":1,"byg:palm_log":20,"minecraft:sweet_berry_bush":9,"minecraft:ice":2,"minecraft:white_carpet":7,"minecraft:spruce_log":6,"byg:prairie_grass":12,"byg:alpine_bellflower":1,"minecraft:pumpkin":3,"minecraft:grass":66,"minecraft:oak_log":14,"minecraft:dirt_path":1,"minecraft:sunflower":2,"byg:palm_leaves":1,"minecraft:dirt":13,"byg:blueberry_bush":10,"byg:white_anemone":1,"byg:rocky_stone":15,"minecraft:stone":15,"minecraft:netherrack":1,"byg:tall_prairie_grass":9,"minecraft:oak_leaves":13,"minecraft:fern":5},"minecraft:killed":{"minecraft:pig":9,"minecraft:rabbit":2,"minecraft:spider":1,"minecraft:sheep":8,"minecraft:zombie":1,"minecraft:chicken":3},"minecraft:dropped":{"minecraft:golden_axe":1,"minecraft:shield":1,"minecraft:wooden_sword":2,"minecraft:spruce_log":1},"minecraft:broken":{"minecraft:golden_sword":1},"minecraft:custom":{"minecraft:interact_with_furnace":8,"minecraft:mob_kills":27,"minecraft:interact_with_crafting_table":12,"minecraft:time_since_death":24132,"minecraft:sleep_in_bed":2,"minecraft:time_since_rest":8943,"minecraft:sprint_one_cm":176304,"minecraft:damage_taken":2043,"minecraft:walk_one_cm":126817,"minecraft:drop":5,"minecraft:damage_dealt":2881,"minecraft:swim_one_cm":1055,"minecraft:fly_one_cm":314023,"minecraft:open_chest":5,"minecraft:crouch_one_cm":1312,"minecraft:play_time":53424,"minecraft:deaths":5,"minecraft:sneak_time":270,"minecraft:walk_under_water_one_cm":75,"minecraft:jump":1316,"minecraft:walk_on_water_one_cm":2008,"minecraft:total_world_time":53424,"minecraft:fall_one_cm":33220},"minecraft:used":{"minecraft:cooked_mutton":2,"minecraft:stone_sword":65,"minecraft:stone_pickaxe":7,"minecraft:wooden_pickaxe":35,"byg:rocky_stone":1,"minecraft:rotten_flesh":3,"minecraft:dirt":13,"minecraft:crafting_table":7,"minecraft:red_bed":2,"minecraft:white_bed":1,"minecraft:wooden_axe":7,"byg:blueberries":26,"minecraft:chicken":1,"minecraft:bread":7,"minecraft:golden_sword":39,"minecraft:wooden_sword":99,"minecraft:cobblestone":26,"minecraft:sweet_berries":20,"minecraft:cooked_porkchop":1}},"DataVersion":3337}