{"stats":{"minecraft:crafted":{"minecraft:wooden_sword":1,"minecraft:crafting_table":1,"minecraft:spruce_planks":20,"minecraft:wooden_pickaxe":1,"minecraft:furnace":1,"byg:palm_planks":12,"minecraft:shield":2,"minecraft:stick":8,"minecraft:iron_ingot":4,"minecraft:wooden_axe":1},"minecraft:picked_up":{"minecraft:crafting_table":8,"minecraft:feather":1,"minecraft:chicken":3,"minecraft:oak_log":5,"minecraft:golden_sword":2,"minecraft:shield":1,"minecraft:dirt":23,"minecraft:wooden_sword":1,"minecraft:wheat_seeds":8,"byg:blueberries":19,"minecraft:spruce_planks":4,"minecraft:rabbit_hide":1,"minecraft:iron_ingot":2,"minecraft:iron_nugget":80,"minecraft:rabbit":5,"minecraft:sugar_cane":6,"minecraft:egg":1,"minecraft:stick":4,"minecraft:sweet_berries":11,"minecraft:porkchop":7,"minecraft:spruce_log":6,"minecraft:rotten_flesh":8,"byg:biomepedia":2,"byg:palm_log":19,"minecraft:mutton":4,"byg:rocky_stone":14,"minecraft:snowball":12,"minecraft:white_wool":2,"minecraft:cobblestone":43},"minecraft:killed_by":{"minecraft:player":1,"minecraft:creeper":1,"minecraft:spider":1,"minecraft:zombie":1},"minecraft:mined":{"byg:clover_patch":2,"minecraft:crafting_table":3,"minecraft:grass_block":3,"byg:flower_patch":2,"minecraft:spruce_leaves":1,"minecraft:sugar_cane":3,"byg:palm_log":20,"minecraft:sweet_berry_bush":9,"minecraft:ice":2,"minecraft:spruce_log":6,"minecraft:grass":51,"minecraft:oak_log":5,"minecraft:dirt_path":1,"minecraft:sunflower":2,"byg:palm_leaves":1,"minecraft:dirt":13,"byg:blueberry_bush":6,"byg:white_anemone":1,"byg:rocky_stone":15,"minecraft:stone":8,"minecraft:netherrack":1,"minecraft:oak_leaves":7,"minecraft:fern":5},"minecraft:killed":{"minecraft:pig":3,"minecraft:rabbit":2,"minecraft:sheep":1,"minecraft:zombie":1,"minecraft:chicken":2},"minecraft:dropped":{"minecraft:shield":1,"minecraft:spruce_log":1},"minecraft:broken":{"minecraft:golden_sword":1},"minecraft:custom":{"minecraft:interact_with_furnace":3,"minecraft:mob_kills":10,"minecraft:interact_with_crafting_table":8,"minecraft:time_since_death":12132,"minecraft:time_since_rest":12165,"minecraft:sprint_one_cm":138270,"minecraft:damage_taken":1752,"minecraft:walk_one_cm":97790,"minecraft:drop":2,"minecraft:damage_dealt":1376,"minecraft:swim_one_cm":1055,"minecraft:fly_one_cm":265864,"minecraft:open_chest":5,"minecraft:crouch_one_cm":1267,"minecraft:play_time":41424,"minecraft:deaths":5,"minecraft:sneak_time":245,"minecraft:walk_under_water_one_cm":75,"minecraft:jump":1003,"minecraft:walk_on_water_one_cm":2008,"minecraft:total_world_time":41424,"minecraft:fall_one_cm":23382},"minecraft:used":{"minecraft:wooden_pickaxe":29,"byg:rocky_stone":1,"minecraft:rotten_flesh":3,"minecraft:crafting_table":5,"minecraft:wooden_axe":7,"minecraft:chicken":1,"minecraft:bread":5,"minecraft:golden_sword":39,"minecraft:wooden_sword":85,"minecraft:cobblestone":25,"minecraft:sweet_berries":20}},"DataVersion":3337}