{"stats":{"minecraft:crafted":{"minecraft:wooden_sword":3,"minecraft:oak_planks":76,"minecraft:dark_oak_boat":1,"minecraft:furnace":4,"minecraft:cooked_mutton":10,"minecraft:iron_boots":1,"minecraft:stone_pickaxe":4,"minecraft:spruce_boat":1,"minecraft:dark_oak_planks":16,"minecraft:wooden_shovel":1,"minecraft:cooked_porkchop":9,"minecraft:crafting_table":7,"minecraft:spruce_planks":36,"minecraft:baked_potato":7,"minecraft:wooden_pickaxe":3,"minecraft:iron_helmet":2,"minecraft:acacia_trapdoor":2,"minecraft:iron_sword":1,"byg:palm_planks":12,"minecraft:iron_chestplate":1,"minecraft:charcoal":1,"minecraft:shield":4,"minecraft:stick":44,"minecraft:iron_ingot":40,"minecraft:iron_pickaxe":3,"minecraft:wooden_axe":2,"minecraft:stone_sword":2,"minecraft:white_bed":2,"minecraft:acacia_planks":24,"minecraft:torch":48},"minecraft:picked_up":{"minecraft:wooden_axe":2,"minecraft:iron_chestplate":2,"minecraft:crafting_table":25,"byg:soapstone":31,"byg:alpine_bellflower":1,"minecraft:chicken":13,"byg:lush_dirt":25,"byg:foxglove":1,"byg:tall_pink_allium":6,"minecraft:diamond_sword":2,"minecraft:shield":2,"minecraft:golden_sword":2,"minecraft:amethyst_block":3,"minecraft:red_bed":2,"minecraft:string":65,"minecraft:raw_copper":32,"minecraft:wooden_sword":6,"minecraft:white_carpet":7,"minecraft:cobbled_deepslate":278,"minecraft:spruce_planks":5,"byg:pink_allium_flower_bush":1,"minecraft:beef":10,"minecraft:calcite":1,"minecraft:iron_nugget":80,"minecraft:iron_pickaxe":4,"minecraft:melon_slice":5,"minecraft:sugar_cane":6,"minecraft:iron_boots":6,"minecraft:egg":1,"minecraft:furnace":13,"minecraft:stick":15,"minecraft:raw_iron":143,"minecraft:oak_fence":1,"minecraft:torch":19,"minecraft:acacia_log":12,"minecraft:porkchop":24,"minecraft:pointed_dripstone":17,"minecraft:carrot":1,"minecraft:redstone":25,"minecraft:arrow":13,"byg:biomepedia":2,"minecraft:rotten_flesh":37,"minecraft:beetroot_seeds":1,"byg:palm_log":19,"minecraft:mutton":50,"minecraft:rail":4,"minecraft:cobblestone":208,"minecraft:snowball":12,"byg:rocky_stone":14,"minecraft:white_wool":23,"minecraft:feather":20,"minecraft:basalt":3,"minecraft:glow_ink_sac":1,"minecraft:andesite":11,"minecraft:salmon":1,"minecraft:leather":9,"minecraft:flint":1,"minecraft:tuff":14,"minecraft:oak_log":37,"minecraft:gunpowder":4,"minecraft:lapis_lazuli":149,"minecraft:dirt":29,"byg:blue_sand":2,"minecraft:name_tag":2,"minecraft:cooked_mutton":2,"minecraft:bone":10,"minecraft:acacia_planks":72,"minecraft:bow":2,"minecraft:acacia_trapdoor":2,"minecraft:wheat_seeds":16,"byg:blueberries":24,"minecraft:raw_gold":42,"minecraft:rabbit_hide":1,"minecraft:iron_ingot":7,"minecraft:bamboo":13,"minecraft:glass_bottle":1,"minecraft:rabbit":5,"minecraft:glowstone_dust":1,"minecraft:iron_sword":3,"minecraft:oak_planks":13,"minecraft:pumpkin":3,"minecraft:sweet_berries":11,"minecraft:dripstone_block":6,"minecraft:gravel":11,"minecraft:amethyst_shard":16,"minecraft:spruce_sapling":3,"minecraft:spruce_log":10,"minecraft:white_bed":5,"minecraft:dark_oak_log":4,"minecraft:spider_eye":9,"minecraft:diamond":4,"minecraft:spruce_boat":7,"minecraft:iron_helmet":4,"minecraft:granite":7,"minecraft:gray_wool":2,"minecraft:oak_sapling":1,"minecraft:black_wool":1,"minecraft:coal":84,"minecraft:sunflower":2},"minecraft:killed_by":{"minecraft:player":2,"minecraft:creeper":2,"minecraft:spider":1,"minecraft:skeleton":2,"minecraft:zombie":3},"minecraft:mined":{"minecraft:large_amethyst_bud":3,"minecraft:tuff":14,"byg:clover_patch":5,"minecraft:white_bed":6,"byg:green_mushroom_block":1,"minecraft:deepslate_diamond_ore":4,"minecraft:dark_oak_log":4,"byg:pink_allium_flower_bush":1,"minecraft:glow_lichen":1,"minecraft:granite":6,"minecraft:budding_amethyst":1,"minecraft:acacia_log":6,"minecraft:grass_block":6,"byg:flower_patch":3,"minecraft:spruce_leaves":16,"minecraft:spawner":1,"minecraft:large_fern":2,"minecraft:tall_seagrass":2,"minecraft:redstone_ore":2,"minecraft:furnace":10,"minecraft:acacia_trapdoor":2,"minecraft:iron_ore":85,"minecraft:cobbled_deepslate":4,"byg:tall_beach_grass":5,"byg:prairie_grass":12,"minecraft:andesite":3,"minecraft:pumpkin":4,"minecraft:pointed_dripstone":9,"minecraft:deepslate_iron_ore":37,"minecraft:rail":3,"byg:blue_sand":3,"byg:white_mushroom_stem":4,"minecraft:vine":1,"minecraft:dirt_path":1,"minecraft:small_amethyst_bud":2,"byg:white_anemone":1,"byg:rocky_stone":15,"minecraft:bamboo":1,"minecraft:stone":159,"minecraft:white_wool":1,"byg:white_puffball":4,"byg:tall_prairie_grass":9,"minecraft:red_bed":2,"minecraft:medium_amethyst_bud":5,"minecraft:amethyst_cluster":4,"minecraft:basalt":3,"minecraft:crafting_table":17,"minecraft:torch":6,"minecraft:calcite":1,"minecraft:melon":1,"minecraft:copper_ore":10,"minecraft:cobblestone":1,"minecraft:deepslate_gold_ore":18,"minecraft:lapis_ore":8,"minecraft:oak_planks":4,"minecraft:sugar_cane":3,"minecraft:diorite":10,"minecraft:wall_torch":9,"minecraft:amethyst_block":3,"byg:lush_grass_block":8,"minecraft:seagrass":2,"byg:soapstone":25,"byg:lush_dirt":15,"byg:palm_log":20,"minecraft:birch_log":4,"minecraft:sweet_berry_bush":10,"minecraft:ice":2,"minecraft:white_carpet":7,"minecraft:spruce_log":10,"byg:leaf_pile":3,"byg:alpine_bellflower":1,"byg:foxglove":1,"minecraft:grass":143,"minecraft:oak_log":27,"minecraft:coal_ore":43,"minecraft:cobweb":58,"minecraft:cocoa":2,"minecraft:dripstone_block":2,"minecraft:gravel":6,"minecraft:sunflower":2,"byg:palm_leaves":1,"minecraft:sand":1,"minecraft:dirt":16,"byg:blueberry_bush":10,"byg:tall_pink_allium":16,"minecraft:netherrack":1,"byg:tall_allium":13,"minecraft:oak_leaves":15,"minecraft:deepslate":256,"minecraft:fern":10},"minecraft:killed":{"minecraft:cave_spider":5,"minecraft:witch":1,"minecraft:spider":4,"minecraft:skeleton":15,"minecraft:horse":1,"minecraft:chicken":12,"minecraft:turtle":1,"minecraft:wolf":2,"minecraft:pig":12,"minecraft:zombie_villager":1,"minecraft:salmon":1,"minecraft:rabbit":2,"minecraft:creeper":1,"minecraft:sheep":26,"minecraft:pillager":7,"minecraft:zombie":29,"minecraft:cow":7},"minecraft:broken":{"minecraft:stone_sword":1,"minecraft:stone_pickaxe":1,"minecraft:golden_sword":1,"minecraft:iron_pickaxe":1},"minecraft:custom":{"minecraft:mob_kills":133,"minecraft:interact_with_crafting_table":55,"minecraft:bell_ring":5,"minecraft:time_since_death":59967,"minecraft:climb_one_cm":2185,"minecraft:sprint_one_cm":756964,"minecraft:walk_one_cm":583917,"minecraft:damage_blocked_by_shield":2140,"minecraft:drop":44,"minecraft:talked_to_villager":2,"minecraft:play_time":227424,"minecraft:deaths":13,"minecraft:sneak_time":1882,"minecraft:walk_under_water_one_cm":13463,"minecraft:boat_one_cm":142444,"minecraft:jump":4825,"minecraft:walk_on_water_one_cm":27981,"minecraft:total_world_time":227424,"minecraft:interact_with_furnace":72,"minecraft:interact_with_stonecutter":1,"minecraft:interact_with_grindstone":1,"minecraft:sleep_in_bed":10,"minecraft:time_since_rest":60027,"minecraft:damage_taken":7544,"minecraft:damage_dealt":19056,"minecraft:swim_one_cm":89359,"minecraft:fly_one_cm":1290830,"minecraft:open_chest":7,"minecraft:crouch_one_cm":5060,"minecraft:fall_one_cm":126379},"minecraft:dropped":{"minecraft:iron_ingot":1,"minecraft:oak_fence":1,"minecraft:golden_axe":1,"minecraft:leather":2,"byg:lush_dirt":2,"minecraft:coal":1,"minecraft:flint":1,"byg:pink_allium_flower_bush":1,"minecraft:wooden_sword":2,"minecraft:sunflower":2,"minecraft:string":2,"minecraft:gravel":2,"minecraft:cobbled_deepslate":121,"byg:blue_sand":2,"minecraft:rotten_flesh":4,"minecraft:pumpkin_seeds":1,"minecraft:shield":1,"minecraft:andesite":1,"minecraft:oak_sapling":1,"minecraft:raw_gold":12,"minecraft:spider_eye":5,"minecraft:spruce_log":1,"byg:tall_pink_allium":6,"minecraft:egg":1},"minecraft:used":{"minecraft:stone_sword":191,"minecraft:spruce_planks":1,"minecraft:shield":78,"minecraft:iron_sword":26,"minecraft:rotten_flesh":23,"minecraft:iron_chestplate":3,"minecraft:torch":61,"minecraft:dirt":13,"minecraft:mutton":7,"minecraft:carrot":11,"minecraft:tuff":1,"minecraft:granite":1,"byg:lush_dirt":21,"minecraft:spruce_boat":4,"minecraft:wooden_axe":44,"minecraft:iron_helmet":3,"minecraft:iron_boots":5,"minecraft:bow":3,"minecraft:basalt":3,"minecraft:golden_sword":39,"minecraft:dark_oak_boat":1,"minecraft:beef":4,"minecraft:sweet_berries":20,"minecraft:furnace":10,"minecraft:cooked_beef":16,"minecraft:potato":7,"minecraft:cobbled_deepslate":152,"minecraft:iron_leggings":1,"minecraft:cooked_mutton":11,"minecraft:acacia_trapdoor":3,"minecraft:stone_pickaxe":209,"minecraft:baked_potato":7,"minecraft:wooden_pickaxe":48,"byg:rocky_stone":1,"minecraft:salmon":1,"minecraft:white_wool":1,"minecraft:crafting_table":23,"minecraft:red_bed":2,"minecraft:crossbow":9,"minecraft:white_bed":4,"byg:blueberries":29,"minecraft:chicken":3,"minecraft:bread":7,"minecraft:iron_pickaxe":530,"minecraft:gravel":5,"byg:soapstone":6,"minecraft:diamond_sword":210,"minecraft:wooden_sword":186,"minecraft:cobblestone":53,"minecraft:cooked_porkchop":5,"minecraft:porkchop":4}},"DataVersion":3337}