{"stats":{"minecraft:picked_up":{"minecraft:snowball":12},"minecraft:killed_by":{"minecraft:spider":1},"minecraft:custom":{"minecraft:jump":60,"minecraft:time_since_rest":61,"minecraft:damage_dealt":126,"minecraft:crouch_one_cm":447,"minecraft:sprint_one_cm":3354,"minecraft:deaths":2,"minecraft:play_time":5424,"minecraft:damage_taken":582,"minecraft:time_since_death":35,"minecraft:walk_one_cm":11585,"minecraft:sneak_time":108,"minecraft:total_world_time":5424,"minecraft:fall_one_cm":3205,"minecraft:fly_one_cm":3638}},"DataVersion":3337}