{
  "minecraft:recipes/building_blocks/light_gray_concrete_powder": {
    "criteria": {
      "has_sand": "2024-10-29 02:56:43 +0000"
    },
    "done": true
  },
  "minecraft:recipes/building_blocks/pink_concrete_powder": {
    "criteria": {
      "has_sand": "2024-10-29 02:56:43 +0000"
    },
    "done": true
  },
  "minecraft:recipes/building_blocks/red_concrete_powder": {
    "criteria": {
      "has_sand": "2024-10-29 02:56:43 +0000"
    },
    "done": true
  },
  "minecraft:recipes/building_blocks/brown_concrete_powder": {
    "criteria": {
      "has_sand": "2024-10-29 02:56:43 +0000"
    },
    "done": true
  },
  "minecraft:recipes/building_blocks/light_blue_concrete_powder": {
    "criteria": {
      "has_sand": "2024-10-29 02:56:43 +0000"
    },
    "done": true
  },
  "minecraft:recipes/building_blocks/glass": {
    "criteria": {
      "has_smelts_to_glass": "2024-10-29 02:56:43 +0000"
    },
    "done": true
  },
  "minecraft:recipes/building_blocks/green_concrete_powder": {
    "criteria": {
      "has_sand": "2024-10-29 02:56:43 +0000"
    },
    "done": true
  },
  "minecraft:recipes/building_blocks/blue_concrete_powder": {
    "criteria": {
      "has_sand": "2024-10-29 02:56:43 +0000"
    },
    "done": true
  },
  "byg:recipes/byg.byg/palm_trapdoor": {
    "criteria": {
      "has_planks": "2024-10-29 02:58:58 +0000"
    },
    "done": true
  },
  "byg:recipes/byg.byg/palm_stairs": {
    "criteria": {
      "has_planks": "2024-10-29 02:58:58 +0000"
    },
    "done": true
  },
  "byg:recipes/byg.byg/palm_door": {
    "criteria": {
      "has_planks": "2024-10-29 02:58:58 +0000"
    },
    "done": true
  },
  "minecraft:recipes/decorations/crafting_table": {
    "criteria": {
      "unlock_right_away": "2024-10-29 02:54:41 +0000"
    },
    "done": true
  },
  "minecraft:recipes/misc/stick": {
    "criteria": {
      "has_planks": "2024-10-29 02:58:58 +0000"
    },
    "done": true
  },
  "minecraft:recipes/building_blocks/white_concrete_powder": {
    "criteria": {
      "has_sand": "2024-10-29 02:56:43 +0000"
    },
    "done": true
  },
  "byg:recipes/byg.byg/palm_bookshelf": {
    "criteria": {
      "has_planks": "2024-10-29 02:58:58 +0000"
    },
    "done": true
  },
  "byg:recipes/byg.byg/palm_fence": {
    "criteria": {
      "has_planks": "2024-10-29 02:58:58 +0000"
    },
    "done": true
  },
  "minecraft:recipes/building_blocks/lime_concrete_powder": {
    "criteria": {
      "has_sand": "2024-10-29 02:56:43 +0000"
    },
    "done": true
  },
  "minecraft:recipes/building_blocks/orange_concrete_powder": {
    "criteria": {
      "has_sand": "2024-10-29 02:56:43 +0000"
    },
    "done": true
  },
  "byg:recipes/byg.byg/palm_wood": {
    "criteria": {
      "has_log": "2024-10-29 02:57:03 +0000"
    },
    "done": true
  },
  "byg:recipes/byg.byg/palm_fence_gate": {
    "criteria": {
      "has_planks": "2024-10-29 02:58:58 +0000"
    },
    "done": true
  },
  "minecraft:recipes/building_blocks/magenta_concrete_powder": {
    "criteria": {
      "has_sand": "2024-10-29 02:56:43 +0000"
    },
    "done": true
  },
  "byg:recipes/byg.byg/palm_boat": {
    "criteria": {
      "has_planks": "2024-10-29 02:58:58 +0000"
    },
    "done": true
  },
  "minecraft:recipes/misc/charcoal": {
    "criteria": {
      "has_log": "2024-10-29 02:57:03 +0000"
    },
    "done": true
  },
  "byg:recipes/byg.byg/palm_slab": {
    "criteria": {
      "has_planks": "2024-10-29 02:58:58 +0000"
    },
    "done": true
  },
  "byg:adventure/oh_the_biomes_youll_go": {
    "criteria": {
      "byg:cardinal_tundra": "2024-10-29 02:54:43 +0000"
    },
    "done": false
  },
  "minecraft:recipes/building_blocks/yellow_concrete_powder": {
    "criteria": {
      "has_sand": "2024-10-29 02:56:43 +0000"
    },
    "done": true
  },
  "byg:recipes/byg.byg/palm_planks": {
    "criteria": {
      "has_logs": "2024-10-29 02:57:03 +0000"
    },
    "done": true
  },
  "minecraft:recipes/building_blocks/sandstone": {
    "criteria": {
      "has_sand": "2024-10-29 02:56:43 +0000"
    },
    "done": true
  },
  "minecraft:recipes/building_blocks/gray_concrete_powder": {
    "criteria": {
      "has_sand": "2024-10-29 02:56:43 +0000"
    },
    "done": true
  },
  "minecraft:recipes/building_blocks/black_concrete_powder": {
    "criteria": {
      "has_sand": "2024-10-29 02:56:43 +0000"
    },
    "done": true
  },
  "minecraft:adventure/adventuring_time": {
    "criteria": {
      "minecraft:snowy_beach": "2024-10-29 02:56:42 +0000"
    },
    "done": false
  },
  "minecraft:recipes/decorations/barrel": {
    "criteria": {
      "has_planks": "2024-10-29 02:58:58 +0000"
    },
    "done": true
  },
  "byg:recipes/byg.byg/palm_pressure_plate": {
    "criteria": {
      "has_planks": "2024-10-29 02:58:58 +0000"
    },
    "done": true
  },
  "byg:recipes/byg.byg/palm_sign": {
    "criteria": {
      "has_planks": "2024-10-29 02:58:58 +0000"
    },
    "done": true
  },
  "byg:recipes/byg.byg/palm_crafting_table": {
    "criteria": {
      "has_planks": "2024-10-29 02:58:58 +0000"
    },
    "done": true
  },
  "minecraft:recipes/building_blocks/purple_concrete_powder": {
    "criteria": {
      "has_sand": "2024-10-29 02:56:43 +0000"
    },
    "done": true
  },
  "securitycraft:recipes/misc/sc_manual": {
    "criteria": {
      "has_wood": "2024-10-29 02:57:03 +0000"
    },
    "done": true
  },
  "minecraft:recipes/building_blocks/cyan_concrete_powder": {
    "criteria": {
      "has_sand": "2024-10-29 02:56:43 +0000"
    },
    "done": true
  },
  "minecraft:story/root": {
    "criteria": {
      "crafting_table": "2024-10-29 02:59:00 +0000"
    },
    "done": true
  },
  "byg:root": {
    "criteria": {
      "tick": "2024-10-29 02:54:41 +0000"
    },
    "done": true
  },
  "byg:recipes/byg.byg/palm_button": {
    "criteria": {
      "has_planks": "2024-10-29 02:58:58 +0000"
    },
    "done": true
  },
  "DataVersion": 3337
}