{
  "minecraft:recipes/decorations/snow": {
    "criteria": {
      "has_snowball": "2024-10-29 02:56:33 +0000"
    },
    "done": true
  },
  "minecraft:recipes/decorations/crafting_table": {
    "criteria": {
      "unlock_right_away": "2024-10-29 02:54:54 +0000"
    },
    "done": true
  },
  "byg:adventure/oh_the_biomes_youll_go": {
    "criteria": {
      "byg:cardinal_tundra": "2024-10-29 02:54:55 +0000"
    },
    "done": false
  },
  "minecraft:adventure/root": {
    "criteria": {
      "killed_by_something": "2024-10-29 02:55:30 +0000"
    },
    "done": true
  },
  "minecraft:adventure/adventuring_time": {
    "criteria": {
      "minecraft:snowy_beach": "2024-10-29 02:56:45 +0000"
    },
    "done": false
  },
  "byg:root": {
    "criteria": {
      "tick": "2024-10-29 02:54:54 +0000"
    },
    "done": true
  },
  "minecraft:recipes/building_blocks/snow_block": {
    "criteria": {
      "has_snowball": "2024-10-29 02:56:33 +0000"
    },
    "done": true
  },
  "DataVersion": 3337
}